status,photo,photoNumber,sourceGroup,targetCategory,targetVehicleId,targetBrand,targetModel,targetVersion,targetYear,confidence,reason,unused
PROPOSITION_NON_APPLIQUEE,65322.jpg,65322,buses,buses,60137,MAN,Lion's Coach R08,Lion's Coach R08 Edition 98,2018,Forte pour le type bus; marque/modèle exact à confirmer,Photo d’autocar/bus de grande taille; la marque ou le modèle exact n’est pas toujours lisible.,
PROPOSITION_NON_APPLIQUEE,65324.jpg,65324,buses,buses,60149,MAN,Lion's Coach R08,Lion's Coach R08 Export Line 8,2019,Forte pour le type bus; marque/modèle exact à confirmer,Photo d’autocar/bus de grande taille; la marque ou le modèle exact n’est pas toujours lisible.,
PROPOSITION_NON_APPLIQUEE,65325.jpg,65325,buses,buses,60038,MAN,Lion's Coach R08,Lion's Coach R08 Edition 38,2021,Forte pour le type bus; marque/modèle exact à confirmer,Photo d’autocar/bus de grande taille; la marque ou le modèle exact n’est pas toujours lisible.,
PROPOSITION_NON_APPLIQUEE,65326.jpg,65326,buses,buses,60077,MAN,Lion's Coach R08,Lion's Coach R08 Edition 38,2021,Forte pour le type bus; marque/modèle exact à confirmer,Photo d’autocar/bus de grande taille; la marque ou le modèle exact n’est pas toujours lisible.,
PROPOSITION_NON_APPLIQUEE,65327.jpg,65327,buses,buses,60179,MAN,Lion's Coach R08,Lion's Coach R08 Export Line 38,2021,Forte pour le type bus; marque/modèle exact à confirmer,Photo d’autocar/bus de grande taille; la marque ou le modèle exact n’est pas toujours lisible.,
PROPOSITION_NON_APPLIQUEE,65328.jpg,65328,buses,buses,60209,MAN,Lion's Coach R08,Lion's Coach R08 Export Line 68,2023,Forte pour le type bus; marque/modèle exact à confirmer,Photo d’autocar/bus de grande taille; la marque ou le modèle exact n’est pas toujours lisible.,
PROPOSITION_NON_APPLIQUEE,65329.jpg,65329,buses,buses,60008,MAN,Travego 15 SHD,Travego 15 SHD Edition 8,2019,Forte pour le type bus; marque/modèle exact à confirmer,Photo d’autocar/bus de grande taille; la marque ou le modèle exact n’est pas toujours lisible.,
PROPOSITION_NON_APPLIQUEE,65330.jpg,65330,buses,buses,60047,MAN,Travego 15 SHD,Travego 15 SHD Edition 8,2019,Forte pour le type bus; marque/modèle exact à confirmer,Photo d’autocar/bus de grande taille; la marque ou le modèle exact n’est pas toujours lisible.,
PROPOSITION_NON_APPLIQUEE,65331.jpg,65331,buses,buses,60107,MAN,Travego 15 SHD,Travego 15 SHD Edition 68,2023,Forte pour le type bus; marque/modèle exact à confirmer,Photo d’autocar/bus de grande taille; la marque ou le modèle exact n’est pas toujours lisible.,
PROPOSITION_NON_APPLIQUEE,65332.jpg,65332,buses,buses,60117,Mercedes-Benz,Lion's Coach R08,Lion's Coach R08 Edition 78,2019,Forte pour le type bus; marque/modèle exact à confirmer,Photo d’autocar/bus de grande taille; la marque ou le modèle exact n’est pas toujours lisible.,
PROPOSITION_NON_APPLIQUEE,65333.jpg,65333,buses,buses,60018,Mercedes-Benz,Lion's Coach R08,Lion's Coach R08 Edition 18,2022,Forte pour le type bus; marque/modèle exact à confirmer,Photo d’autocar/bus de grande taille; la marque ou le modèle exact n’est pas toujours lisible.,
PROPOSITION_NON_APPLIQUEE,65334.jpg,65334,buses,buses,60057,Mercedes-Benz,Lion's Coach R08,Lion's Coach R08 Edition 18,2022,Forte pour le type bus; marque/modèle exact à confirmer,Photo d’autocar/bus de grande taille; la marque ou le modèle exact n’est pas toujours lisible.,
PROPOSITION_NON_APPLIQUEE,65335.jpg,65335,buses,buses,30017,Mercedes-Benz,Tourismo 15 RHD,Coach / Autocar de tourisme,2020,Forte pour le type bus; marque/modèle exact à confirmer,Photo d’autocar/bus de grande taille; la marque ou le modèle exact n’est pas toujours lisible.,
PROPOSITION_NON_APPLIQUEE,65336.jpg,65336,buses,buses,60219,Mercedes-Benz,Travego 15 SHD,Travego 15 SHD Export Line 78,2019,Forte pour le type bus; marque/modèle exact à confirmer,Photo d’autocar/bus de grande taille; la marque ou le modèle exact n’est pas toujours lisible.,
PROPOSITION_NON_APPLIQUEE,65337.jpg,65337,buses,buses,60159,Mercedes-Benz,Travego 15 SHD,Travego 15 SHD Export Line 18,2022,Forte pour le type bus; marque/modèle exact à confirmer,Photo d’autocar/bus de grande taille; la marque ou le modèle exact n’est pas toujours lisible.,
PROPOSITION_NON_APPLIQUEE,65338.jpg,65338,buses,buses,60087,Mercedes-Benz,Travego 15 SHD,Travego 15 SHD Edition 48,2024,Forte pour le type bus; marque/modèle exact à confirmer,Photo d’autocar/bus de grande taille; la marque ou le modèle exact n’est pas toujours lisible.,
PROPOSITION_NON_APPLIQUEE,65339.jpg,65339,buses,buses,60189,Mercedes-Benz,Travego 15 SHD,Travego 15 SHD Export Line 48,2024,Forte pour le type bus; marque/modèle exact à confirmer,Photo d’autocar/bus de grande taille; la marque ou le modèle exact n’est pas toujours lisible.,
PROPOSITION_NON_APPLIQUEE,65340.jpg,65340,buses,buses,150019,Mercedes-Benz / Setra,Iveco Crossway,Iveco Crossway Line Euro VI - Édition 2008,2019,Forte pour le type bus; marque/modèle exact à confirmer,Photo d’autocar/bus de grande taille; la marque ou le modèle exact n’est pas toujours lisible.,
PROPOSITION_NON_APPLIQUEE,65342.jpg,65342,buses,buses,150009,Mercedes-Benz / Setra,Iveco Crossway,Iveco Crossway Line Euro VI - Édition 2018,2021,Forte pour le type bus; marque/modèle exact à confirmer,Photo d’autocar/bus de grande taille; la marque ou le modèle exact n’est pas toujours lisible.,
PROPOSITION_NON_APPLIQUEE,65343.jpg,65343,buses,buses,150029,Mercedes-Benz / Setra,Iveco Crossway,Iveco Crossway Line Euro VI - Édition 1998,2023,Forte pour le type bus; marque/modèle exact à confirmer,Photo d’autocar/bus de grande taille; la marque ou le modèle exact n’est pas toujours lisible.,
PROPOSITION_NON_APPLIQUEE,65344.jpg,65344,buses,buses,150025,Mercedes-Benz / Setra,MAN Lion's,MAN Lion's Coach L Euro VI - Édition 2002,2019,Forte pour le type bus; marque/modèle exact à confirmer,Photo d’autocar/bus de grande taille; la marque ou le modèle exact n’est pas toujours lisible.,
PROPOSITION_NON_APPLIQUEE,65345.jpg,65345,buses,buses,150015,Mercedes-Benz / Setra,MAN Lion's,MAN Lion's Coach L Euro VI - Édition 2012,2021,Forte pour le type bus; marque/modèle exact à confirmer,Photo d’autocar/bus de grande taille; la marque ou le modèle exact n’est pas toujours lisible.,
PROPOSITION_NON_APPLIQUEE,65346.jpg,65346,buses,buses,150005,Mercedes-Benz / Setra,MAN Lion's,MAN Lion's Coach L Euro VI - Édition 2022,2023,Forte pour le type bus; marque/modèle exact à confirmer,Photo d’autocar/bus de grande taille; la marque ou le modèle exact n’est pas toujours lisible.,
PROPOSITION_NON_APPLIQUEE,65347.jpg,65347,buses,buses,150035,Mercedes-Benz / Setra,MAN Lion's,MAN Lion's Coach L Euro VI - Édition 1992,2023,Forte pour le type bus; marque/modèle exact à confirmer,Photo d’autocar/bus de grande taille; la marque ou le modèle exact n’est pas toujours lisible.,
PROPOSITION_NON_APPLIQUEE,65348.jpg,65348,buses,buses,150002,Mercedes-Benz / Setra,Mercedes-Benz Citaro,Mercedes-Benz Citaro K Hybrid Euro VI - Édition 2025,2020,Forte pour le type bus; marque/modèle exact à confirmer,Photo d’autocar/bus de grande taille; la marque ou le modèle exact n’est pas toujours lisible.,
PROPOSITION_NON_APPLIQUEE,65349.jpg,65349,buses,buses,150032,Mercedes-Benz / Setra,Mercedes-Benz Citaro,Mercedes-Benz Citaro K Hybrid Euro VI - Édition 1995,2020,Forte pour le type bus; marque/modèle exact à confirmer,Photo d’autocar/bus de grande taille; la marque ou le modèle exact n’est pas toujours lisible.,
PROPOSITION_NON_APPLIQUEE,65350.jpg,65350,buses,buses,150022,Mercedes-Benz / Setra,Mercedes-Benz Citaro,Mercedes-Benz Citaro K Hybrid Euro VI - Édition 2005,2022,Forte pour le type bus; marque/modèle exact à confirmer,Photo d’autocar/bus de grande taille; la marque ou le modèle exact n’est pas toujours lisible.,
PROPOSITION_NON_APPLIQUEE,65351.jpg,65351,buses,buses,150012,Mercedes-Benz / Setra,Mercedes-Benz Citaro,Mercedes-Benz Citaro K Hybrid Euro VI - Édition 2015,2024,Forte pour le type bus; marque/modèle exact à confirmer,Photo d’autocar/bus de grande taille; la marque ou le modèle exact n’est pas toujours lisible.,
PROPOSITION_NON_APPLIQUEE,65352.jpg,65352,buses,buses,150013,Mercedes-Benz / Setra,Mercedes-Benz Intouro,Mercedes-Benz Intouro M Euro VI - Édition 2014,2019,Forte pour le type bus; marque/modèle exact à confirmer,Photo d’autocar/bus de grande taille; la marque ou le modèle exact n’est pas toujours lisible.,
PROPOSITION_NON_APPLIQUEE,65353.jpg,65353,buses,buses,150003,Mercedes-Benz / Setra,Mercedes-Benz Intouro,Mercedes-Benz Intouro M Euro VI - Édition 2024,2021,Forte pour le type bus; marque/modèle exact à confirmer,Photo d’autocar/bus de grande taille; la marque ou le modèle exact n’est pas toujours lisible.,
PROPOSITION_NON_APPLIQUEE,65354.jpg,65354,buses,buses,150033,Mercedes-Benz / Setra,Mercedes-Benz Intouro,Mercedes-Benz Intouro M Euro VI - Édition 1994,2021,Forte pour le type bus; marque/modèle exact à confirmer,Photo d’autocar/bus de grande taille; la marque ou le modèle exact n’est pas toujours lisible.,
PROPOSITION_NON_APPLIQUEE,65355.jpg,65355,minibuses,minibuses,60029,Ford,Crafter Transfer,Crafter Transfer Edition 29,2019,Forte pour le type minibus; marque/modèle exact à confirmer,Photo de minibus/petit autobus; la cible reste dans la catégorie minibus.,
PROPOSITION_NON_APPLIQUEE,65356.jpg,65356,minibuses,minibuses,60068,Ford,Crafter Transfer,Crafter Transfer Edition 29,2019,Forte pour le type minibus; marque/modèle exact à confirmer,Photo de minibus/petit autobus; la cible reste dans la catégorie minibus.,
PROPOSITION_NON_APPLIQUEE,65357.jpg,65357,minibuses,minibuses,60170,Ford,Crafter Transfer,Crafter Transfer Export Line 29,2019,Forte pour le type minibus; marque/modèle exact à confirmer,Photo de minibus/petit autobus; la cible reste dans la catégorie minibus.,
PROPOSITION_NON_APPLIQUEE,65358.jpg,65358,minibuses,minibuses,60200,Ford,Crafter Transfer,Crafter Transfer Export Line 59,2021,Forte pour le type minibus; marque/modèle exact à confirmer,Photo de minibus/petit autobus; la cible reste dans la catégorie minibus.,
PROPOSITION_NON_APPLIQUEE,65359.jpg,65359,minibuses,minibuses,60128,Ford,Crafter Transfer,Crafter Transfer Edition 89,2023,Forte pour le type minibus; marque/modèle exact à confirmer,Photo de minibus/petit autobus; la cible reste dans la catégorie minibus.,
PROPOSITION_NON_APPLIQUEE,65360.jpg,65360,minibuses,minibuses,60230,Ford,Crafter Transfer,Crafter Transfer Export Line 89,2023,Forte pour le type minibus; marque/modèle exact à confirmer,Photo de minibus/petit autobus; la cible reste dans la catégorie minibus.,
PROPOSITION_NON_APPLIQUEE,65361.jpg,65361,minibuses,minibuses,60098,Ford,V-Class VIP,V-Class VIP Edition 59,2021,Forte pour le type minibus; marque/modèle exact à confirmer,Photo de minibus/petit autobus; la cible reste dans la catégorie minibus.,
PROPOSITION_NON_APPLIQUEE,65362.jpg,65362,minibuses,minibuses,60009,Mercedes-Benz,Crafter Transfer,Crafter Transfer Edition 9,2020,Forte pour le type minibus; marque/modèle exact à confirmer,Photo de minibus/petit autobus; la cible reste dans la catégorie minibus.,
PROPOSITION_NON_APPLIQUEE,65363.jpg,65363,minibuses,minibuses,60048,Mercedes-Benz,Crafter Transfer,Crafter Transfer Edition 9,2020,Forte pour le type minibus; marque/modèle exact à confirmer,Photo de minibus/petit autobus; la cible reste dans la catégorie minibus.,
PROPOSITION_NON_APPLIQUEE,65762.jpg,65762,trucks,trucks,60198,MAN,Actros 1845 LS,Actros 1845 LS Export Line 57,2019,Forte pour le type poids lourd; modèle exact à confirmer,Photo de camion ou poids lourd; la cible reste dans la catégorie trucks.,
PROPOSITION_NON_APPLIQUEE,65763.jpg,65763,trucks,trucks,60218,MAN,Arocs 3342,Arocs 3342 Export Line 77,2018,Forte pour le type poids lourd; modèle exact à confirmer,Photo de camion ou poids lourd; la cible reste dans la catégorie trucks.,
PROPOSITION_NON_APPLIQUEE,65764.jpg,65764,trucks,trucks,60158,MAN,Arocs 3342,Arocs 3342 Export Line 17,2021,Forte pour le type poids lourd; modèle exact à confirmer,Photo de camion ou poids lourd; la cible reste dans la catégorie trucks.,
PROPOSITION_NON_APPLIQUEE,65765.jpg,65765,trucks,trucks,30016,MAN,TGM 18.290,Curtainsider 4x2,2021,Forte pour le type poids lourd; modèle exact à confirmer,Photo de camion ou poids lourd; la cible reste dans la catégorie trucks.,
PROPOSITION_NON_APPLIQUEE,65766.jpg,65766,trucks,trucks,60116,MAN,TGX 18.510,TGX 18.510 Edition 77,2018,Forte pour le type poids lourd; modèle exact à confirmer,Photo de camion ou poids lourd; la cible reste dans la catégorie trucks.,
PROPOSITION_NON_APPLIQUEE,65767.jpg,65767,trucks,trucks,60096,MAN,TGX 18.510,TGX 18.510 Edition 57,2019,Forte pour le type poids lourd; modèle exact à confirmer,Photo de camion ou poids lourd; la cible reste dans la catégorie trucks.,
PROPOSITION_NON_APPLIQUEE,65768.jpg,65768,trucks,trucks,60037,MAN,TGX 18.510,TGX 18.510 Edition 37,2020,Forte pour le type poids lourd; modèle exact à confirmer,Photo de camion ou poids lourd; la cible reste dans la catégorie trucks.,
PROPOSITION_NON_APPLIQUEE,65770.jpg,65770,trucks,trucks,60076,MAN,TGX 18.510,TGX 18.510 Edition 37,2020,Forte pour le type poids lourd; modèle exact à confirmer,Photo de camion ou poids lourd; la cible reste dans la catégorie trucks.,
PROPOSITION_NON_APPLIQUEE,65771.jpg,65771,trucks,trucks,60178,MAN,TGX 18.510,TGX 18.510 Export Line 37,2020,Forte pour le type poids lourd; modèle exact à confirmer,Photo de camion ou poids lourd; la cible reste dans la catégorie trucks.,
PROPOSITION_NON_APPLIQUEE,65772.jpg,65772,trucks,trucks,60017,MAN,TGX 18.510,TGX 18.510 Edition 17,2021,Forte pour le type poids lourd; modèle exact à confirmer,Photo de camion ou poids lourd; la cible reste dans la catégorie trucks.,
PROPOSITION_NON_APPLIQUEE,65749.jpg,65749,agricultural-machinery,agricultural-machinery,240017,Branson,F50RN,À confirmer,2023,Forte pour le type agricole/chantier; marque/modèle exact à confirmer,"Photo de tracteur, moissonneuse, chargeuse ou engin agricole/chantier; aucune cible routière utilisée.",
PROPOSITION_NON_APPLIQUEE,65750.jpg,65750,agricultural-machinery,agricultural-machinery,240005,Case IH,Optum 300,À confirmer,2023,Forte pour le type agricole/chantier; marque/modèle exact à confirmer,"Photo de tracteur, moissonneuse, chargeuse ou engin agricole/chantier; aucune cible routière utilisée.",
PROPOSITION_NON_APPLIQUEE,65751.jpg,65751,agricultural-machinery,agricultural-machinery,240003,Claas,Axion 870,À confirmer,2023,Forte pour le type agricole/chantier; marque/modèle exact à confirmer,"Photo de tracteur, moissonneuse, chargeuse ou engin agricole/chantier; aucune cible routière utilisée.",
PROPOSITION_NON_APPLIQUEE,65752.jpg,65752,agricultural-machinery,agricultural-machinery,240006,Deutz-Fahr,Agrotron 9340,À confirmer,2023,Forte pour le type agricole/chantier; marque/modèle exact à confirmer,"Photo de tracteur, moissonneuse, chargeuse ou engin agricole/chantier; aucune cible routière utilisée.",
PROPOSITION_NON_APPLIQUEE,65753.jpg,65753,agricultural-machinery,agricultural-machinery,240001,Fendt,Vario 942,À confirmer,2023,Forte pour le type agricole/chantier; marque/modèle exact à confirmer,"Photo de tracteur, moissonneuse, chargeuse ou engin agricole/chantier; aucune cible routière utilisée.",
PROPOSITION_NON_APPLIQUEE,65754.jpg,65754,agricultural-machinery,agricultural-machinery,240007,JCB,Fastrac 8330,À confirmer,2023,Forte pour le type agricole/chantier; marque/modèle exact à confirmer,"Photo de tracteur, moissonneuse, chargeuse ou engin agricole/chantier; aucune cible routière utilisée.",
PROPOSITION_NON_APPLIQUEE,65755.jpg,65755,agricultural-machinery,agricultural-machinery,240002,John Deere,8R 410,À confirmer,2023,Forte pour le type agricole/chantier; marque/modèle exact à confirmer,"Photo de tracteur, moissonneuse, chargeuse ou engin agricole/chantier; aucune cible routière utilisée.",
PROPOSITION_NON_APPLIQUEE,65758.jpg,65758,agricultural-machinery,agricultural-machinery,240018,Kioti,RX7320,À confirmer,2023,Forte pour le type agricole/chantier; marque/modèle exact à confirmer,"Photo de tracteur, moissonneuse, chargeuse ou engin agricole/chantier; aucune cible routière utilisée.",
PROPOSITION_NON_APPLIQUEE,65773.jpg,65773,agricultural-machinery,agricultural-machinery,240011,Kubota,M7173,À confirmer,2023,Forte pour le type agricole/chantier; marque/modèle exact à confirmer,"Photo de tracteur, moissonneuse, chargeuse ou engin agricole/chantier; aucune cible routière utilisée.",
PROPOSITION_NON_APPLIQUEE,65774.jpg,65774,agricultural-machinery,agricultural-machinery,240014,Lamborghini,Spire 100,À confirmer,2023,Forte pour le type agricole/chantier; marque/modèle exact à confirmer,"Photo de tracteur, moissonneuse, chargeuse ou engin agricole/chantier; aucune cible routière utilisée.",
PROPOSITION_NON_APPLIQUEE,65775.jpg,65775,agricultural-machinery,agricultural-machinery,240012,Landini,Rex 4-120,À confirmer,2023,Forte pour le type agricole/chantier; marque/modèle exact à confirmer,"Photo de tracteur, moissonneuse, chargeuse ou engin agricole/chantier; aucune cible routière utilisée.",
PROPOSITION_NON_APPLIQUEE,65776.jpg,65776,agricultural-machinery,agricultural-machinery,240009,Massey Ferguson,8S.305,À confirmer,2023,Forte pour le type agricole/chantier; marque/modèle exact à confirmer,"Photo de tracteur, moissonneuse, chargeuse ou engin agricole/chantier; aucune cible routière utilisée.",
PROPOSITION_NON_APPLIQUEE,65777.jpg,65777,agricultural-machinery,agricultural-machinery,240010,McCormick,X8.680,À confirmer,2023,Forte pour le type agricole/chantier; marque/modèle exact à confirmer,"Photo de tracteur, moissonneuse, chargeuse ou engin agricole/chantier; aucune cible routière utilisée.",
PROPOSITION_NON_APPLIQUEE,65778.jpg,65778,agricultural-machinery,agricultural-machinery,240004,New Holland,T7.315,À confirmer,2023,Forte pour le type agricole/chantier; marque/modèle exact à confirmer,"Photo de tracteur, moissonneuse, chargeuse ou engin agricole/chantier; aucune cible routière utilisée.",
PROPOSITION_NON_APPLIQUEE,65779.jpg,65779,agricultural-machinery,agricultural-machinery,240013,Same,Virtus 140,À confirmer,2023,Forte pour le type agricole/chantier; marque/modèle exact à confirmer,"Photo de tracteur, moissonneuse, chargeuse ou engin agricole/chantier; aucune cible routière utilisée.",
PROPOSITION_NON_APPLIQUEE,65782.jpg,65782,agricultural-machinery,agricultural-machinery,240019,Solis,90 N,À confirmer,2023,Forte pour le type agricole/chantier; marque/modèle exact à confirmer,"Photo de tracteur, moissonneuse, chargeuse ou engin agricole/chantier; aucune cible routière utilisée.",
PROPOSITION_NON_APPLIQUEE,65783.jpg,65783,agricultural-machinery,agricultural-machinery,240016,Steyr,Terrus 6300,À confirmer,2023,Forte pour le type agricole/chantier; marque/modèle exact à confirmer,"Photo de tracteur, moissonneuse, chargeuse ou engin agricole/chantier; aucune cible routière utilisée.",
PROPOSITION_NON_APPLIQUEE,65785.jpg,65785,agricultural-machinery,agricultural-machinery,240008,Valtra,S416,À confirmer,2023,Forte pour le type agricole/chantier; marque/modèle exact à confirmer,"Photo de tracteur, moissonneuse, chargeuse ou engin agricole/chantier; aucune cible routière utilisée.",
PROPOSITION_NON_APPLIQUEE,65788.jpg,65788,agricultural-machinery,agricultural-machinery,240015,Zetor,Forterra 150,À confirmer,2023,Forte pour le type agricole/chantier; marque/modèle exact à confirmer,"Photo de tracteur, moissonneuse, chargeuse ou engin agricole/chantier; aucune cible routière utilisée.",
PROPOSITION_NON_APPLIQUEE,65163.jpg,65163,cars,cars,2,Volkswagen,Golf 8,1.5 TSI Life,2024,Élevée pour la famille Golf; millésime/version/individu à confirmer,Photo visuellement identifiable comme Volkswagen Golf; cible limitée aux annonces Golf.,
PROPOSITION_NON_APPLIQUEE,65168.jpg,65168,cars,cars,30004,Volkswagen,Golf 8,1.5 TSI Life,2024,Élevée pour la famille Golf; millésime/version/individu à confirmer,Photo visuellement identifiable comme Volkswagen Golf; cible limitée aux annonces Golf.,
PROPOSITION_NON_APPLIQUEE,65169.jpg,65169,cars,cars,120007,Volkswagen,Golf VII GTI,2.0 TSI GTI Performance Clubsport Look,2019,Élevée pour la famille Golf; millésime/version/individu à confirmer,Photo visuellement identifiable comme Volkswagen Golf; cible limitée aux annonces Golf.,
PROPOSITION_NON_APPLIQUEE,65170.jpg,65170,cars,cars,90007,Volkswagen,Golf VII R,2.0 TSI R Turmeric Yellow,2018,Élevée pour la famille Golf; millésime/version/individu à confirmer,Photo visuellement identifiable comme Volkswagen Golf; cible limitée aux annonces Golf.,
PROPOSITION_NON_APPLIQUEE,65172.jpg,65172,cars,cars,90002,Volkswagen,Golf VII R,2.0 TSI R Custom Neon,2019,Élevée pour la famille Golf; millésime/version/individu à confirmer,Photo visuellement identifiable comme Volkswagen Golf; cible limitée aux annonces Golf.,
PROPOSITION_NON_APPLIQUEE,65176.jpg,65176,cars,cars,90003,Volkswagen,Golf VII R,2.0 TSI R Stealth Edition,2020,Élevée pour la famille Golf; millésime/version/individu à confirmer,Photo visuellement identifiable comme Volkswagen Golf; cible limitée aux annonces Golf.,
PROPOSITION_NON_APPLIQUEE,65177.jpg,65177,cars,cars,90004,Volkswagen,Golf VII.5 GTI,2.0 TSI GTI Performance Nardo,2021,Élevée pour la famille Golf; millésime/version/individu à confirmer,Photo visuellement identifiable comme Volkswagen Golf; cible limitée aux annonces Golf.,
PROPOSITION_NON_APPLIQUEE,65178.jpg,65178,cars,cars,90009,Volkswagen,Golf VII.5 R,2.0 TSI R Estate / Variant Olive,2020,Élevée pour la famille Golf; millésime/version/individu à confirmer,Photo visuellement identifiable comme Volkswagen Golf; cible limitée aux annonces Golf.,
PROPOSITION_NON_APPLIQUEE,65179.jpg,65179,cars,cars,120006,Volkswagen,Golf VIII,1.5 eTSI R-Line DSG Urban Grey,2022,Élevée pour la famille Golf; millésime/version/individu à confirmer,Photo visuellement identifiable comme Volkswagen Golf; cible limitée aux annonces Golf.,
PROPOSITION_NON_APPLIQUEE,65180.jpg,65180,cars,cars,120009,Volkswagen,Golf VIII GTI,2.0 TSI GTI Performance White Edition,2021,Élevée pour la famille Golf; millésime/version/individu à confirmer,Photo visuellement identifiable comme Volkswagen Golf; cible limitée aux annonces Golf.,
PROPOSITION_NON_APPLIQUEE,65181.jpg,65181,cars,cars,90010,Volkswagen,Golf VIII GTI,2.0 TSI GTI Pure White,2022,Élevée pour la famille Golf; millésime/version/individu à confirmer,Photo visuellement identifiable comme Volkswagen Golf; cible limitée aux annonces Golf.,
PROPOSITION_NON_APPLIQUEE,65182.jpg,65182,cars,cars,120008,Volkswagen,Golf VIII GTI,2.0 TSI GTI Clubsport White Pack,2022,Élevée pour la famille Golf; millésime/version/individu à confirmer,Photo visuellement identifiable comme Volkswagen Golf; cible limitée aux annonces Golf.,
PROPOSITION_NON_APPLIQUEE,65183.jpg,65183,cars,cars,90006,Volkswagen,Golf VIII GTI Clubsport,2.0 TSI Clubsport Pure White,2023,Élevée pour la famille Golf; millésime/version/individu à confirmer,Photo visuellement identifiable comme Volkswagen Golf; cible limitée aux annonces Golf.,
PROPOSITION_NON_APPLIQUEE,65184.jpg,65184,cars,cars,90001,Volkswagen,Golf VIII R,2.0 TSI R 4Motion DSG,2023,Élevée pour la famille Golf; millésime/version/individu à confirmer,Photo visuellement identifiable comme Volkswagen Golf; cible limitée aux annonces Golf.,
PROPOSITION_NON_APPLIQUEE,65185.jpg,65185,cars,cars,90005,Volkswagen,Golf VIII R,2.0 TSI R Miami Blue,2023,Élevée pour la famille Golf; millésime/version/individu à confirmer,Photo visuellement identifiable comme Volkswagen Golf; cible limitée aux annonces Golf.,
PROPOSITION_NON_APPLIQUEE,65188.jpg,65188,cars,cars,90011,Volkswagen,Golf VIII R,2.0 TSI R Midnight Black,2023,Élevée pour la famille Golf; millésime/version/individu à confirmer,Photo visuellement identifiable comme Volkswagen Golf; cible limitée aux annonces Golf.,
PROPOSITION_NON_APPLIQUEE,65190.jpg,65190,cars,cars,120005,Volkswagen,Golf VIII R,2.0 TSI R Performance White Edition,2023,Élevée pour la famille Golf; millésime/version/individu à confirmer,Photo visuellement identifiable comme Volkswagen Golf; cible limitée aux annonces Golf.,
PROPOSITION_NON_APPLIQUEE,65191.jpg,65191,cars,cars,90008,Volkswagen,Golf VIII R,2.0 TSI R 'Edition 333',2024,Élevée pour la famille Golf; millésime/version/individu à confirmer,Photo visuellement identifiable comme Volkswagen Golf; cible limitée aux annonces Golf.,
PROPOSITION_NON_APPLIQUEE,65192.jpg,65192,road-candidates,suvs,60233,Audi,GLE 350d,GLE 350d Export Line 92,2019,Catégorie routière seulement; marque/modèle à confirmer avant approbation,Photo routière candidate issue des lots cars/SUV; absence de preuve suffisante pour publier une correspondance exacte.,
PROPOSITION_NON_APPLIQUEE,65442.jpg,65442,road-candidates,suvs,60111,Audi,GLE 350d,GLE 350d Edition 72,2020,Catégorie routière seulement; marque/modèle à confirmer avant approbation,Photo routière candidate issue des lots cars/SUV; absence de preuve suffisante pour publier une correspondance exacte.,
PROPOSITION_NON_APPLIQUEE,65452.jpg,65452,road-candidates,suvs,60213,Audi,GLE 350d,GLE 350d Export Line 72,2020,Catégorie routière seulement; marque/modèle à confirmer avant approbation,Photo routière candidate issue des lots cars/SUV; absence de preuve suffisante pour publier une correspondance exacte.,
PROPOSITION_NON_APPLIQUEE,65454.jpg,65454,road-candidates,suvs,60193,Audi,GLE 350d,GLE 350d Export Line 52,2021,Catégorie routière seulement; marque/modèle à confirmer avant approbation,Photo routière candidate issue des lots cars/SUV; absence de preuve suffisante pour publier une correspondance exacte.,
PROPOSITION_NON_APPLIQUEE,65455.jpg,65455,road-candidates,suvs,60032,Audi,GLE 350d,GLE 350d Edition 32,2022,Catégorie routière seulement; marque/modèle à confirmer avant approbation,Photo routière candidate issue des lots cars/SUV; absence de preuve suffisante pour publier une correspondance exacte.,
PROPOSITION_NON_APPLIQUEE,65462.jpg,65462,road-candidates,suvs,60071,Audi,GLE 350d,GLE 350d Edition 32,2022,Catégorie routière seulement; marque/modèle à confirmer avant approbation,Photo routière candidate issue des lots cars/SUV; absence de preuve suffisante pour publier une correspondance exacte.,
PROPOSITION_NON_APPLIQUEE,65463.jpg,65463,road-candidates,suvs,60173,Audi,GLE 350d,GLE 350d Export Line 32,2022,Catégorie routière seulement; marque/modèle à confirmer avant approbation,Photo routière candidate issue des lots cars/SUV; absence de preuve suffisante pour publier une correspondance exacte.,
PROPOSITION_NON_APPLIQUEE,65464.jpg,65464,road-candidates,suvs,60153,Audi,GLE 350d,GLE 350d Export Line 12,2023,Catégorie routière seulement; marque/modèle à confirmer avant approbation,Photo routière candidate issue des lots cars/SUV; absence de preuve suffisante pour publier une correspondance exacte.,
PROPOSITION_NON_APPLIQUEE,65465.jpg,65465,road-candidates,suvs,30007,Audi,Q7,50 TDI Quattro S line,2021,Catégorie routière seulement; marque/modèle à confirmer avant approbation,Photo routière candidate issue des lots cars/SUV; absence de preuve suffisante pour publier une correspondance exacte.,
PROPOSITION_NON_APPLIQUEE,65466.jpg,65466,road-candidates,suvs,60081,Audi,Q7 50 TDI,Q7 50 TDI Edition 42,2018,Catégorie routière seulement; marque/modèle à confirmer avant approbation,Photo routière candidate issue des lots cars/SUV; absence de preuve suffisante pour publier une correspondance exacte.,
PROPOSITION_NON_APPLIQUEE,65468.jpg,65468,road-candidates,suvs,60183,Audi,Q7 50 TDI,Q7 50 TDI Export Line 42,2018,Catégorie routière seulement; marque/modèle à confirmer avant approbation,Photo routière candidate issue des lots cars/SUV; absence de preuve suffisante pour publier une correspondance exacte.,
PROPOSITION_NON_APPLIQUEE,65469.jpg,65469,road-candidates,suvs,60163,Audi,Q7 50 TDI,Q7 50 TDI Export Line 22,2019,Catégorie routière seulement; marque/modèle à confirmer avant approbation,Photo routière candidate issue des lots cars/SUV; absence de preuve suffisante pour publier une correspondance exacte.,
PROPOSITION_NON_APPLIQUEE,65470.jpg,65470,road-candidates,suvs,60002,Audi,Q7 50 TDI,Q7 50 TDI Edition 2,2020,Catégorie routière seulement; marque/modèle à confirmer avant approbation,Photo routière candidate issue des lots cars/SUV; absence de preuve suffisante pour publier une correspondance exacte.,
PROPOSITION_NON_APPLIQUEE,65471.jpg,65471,road-candidates,suvs,60041,Audi,Q7 50 TDI,Q7 50 TDI Edition 2,2020,Catégorie routière seulement; marque/modèle à confirmer avant approbation,Photo routière candidate issue des lots cars/SUV; absence de preuve suffisante pour publier une correspondance exacte.,
PROPOSITION_NON_APPLIQUEE,65473.jpg,65473,road-candidates,suvs,60143,Audi,Q7 50 TDI,Q7 50 TDI Export Line 2,2020,Catégorie routière seulement; marque/modèle à confirmer avant approbation,Photo routière candidate issue des lots cars/SUV; absence de preuve suffisante pour publier une correspondance exacte.,
PROPOSITION_NON_APPLIQUEE,65474.jpg,65474,road-candidates,suvs,60121,Audi,Q7 50 TDI,Q7 50 TDI Edition 82,2023,Catégorie routière seulement; marque/modèle à confirmer avant approbation,Photo routière candidate issue des lots cars/SUV; absence de preuve suffisante pour publier une correspondance exacte.,
PROPOSITION_NON_APPLIQUEE,65475.jpg,65475,road-candidates,suvs,60223,Audi,Q7 50 TDI,Q7 50 TDI Export Line 82,2023,Catégorie routière seulement; marque/modèle à confirmer avant approbation,Photo routière candidate issue des lots cars/SUV; absence de preuve suffisante pour publier une correspondance exacte.,
PROPOSITION_NON_APPLIQUEE,65476.jpg,65476,road-candidates,suvs,60203,Audi,Q7 50 TDI,Q7 50 TDI Export Line 62,2024,Catégorie routière seulement; marque/modèle à confirmer avant approbation,Photo routière candidate issue des lots cars/SUV; absence de preuve suffisante pour publier une correspondance exacte.,
PROPOSITION_NON_APPLIQUEE,65477.jpg,65477,road-candidates,suvs,60131,Audi,Touareg V6,Touareg V6 Edition 92,2019,Catégorie routière seulement; marque/modèle à confirmer avant approbation,Photo routière candidate issue des lots cars/SUV; absence de preuve suffisante pour publier une correspondance exacte.,
PROPOSITION_NON_APPLIQUEE,65478.jpg,65478,road-candidates,suvs,60091,Audi,Touareg V6,Touareg V6 Edition 52,2021,Catégorie routière seulement; marque/modèle à confirmer avant approbation,Photo routière candidate issue des lots cars/SUV; absence de preuve suffisante pour publier une correspondance exacte.,
PROPOSITION_NON_APPLIQUEE,65479.jpg,65479,road-candidates,suvs,60012,Audi,Touareg V6,Touareg V6 Edition 12,2023,Catégorie routière seulement; marque/modèle à confirmer avant approbation,Photo routière candidate issue des lots cars/SUV; absence de preuve suffisante pour publier une correspondance exacte.,
PROPOSITION_NON_APPLIQUEE,65480.jpg,65480,road-candidates,suvs,60051,Audi,Touareg V6,Touareg V6 Edition 12,2023,Catégorie routière seulement; marque/modèle à confirmer avant approbation,Photo routière candidate issue des lots cars/SUV; absence de preuve suffisante pour publier une correspondance exacte.,
PROPOSITION_NON_APPLIQUEE,65481.jpg,65481,road-candidates,suvs,60022,Audi,X3 xDrive20d,X3 xDrive20d Edition 22,2019,Catégorie routière seulement; marque/modèle à confirmer avant approbation,Photo routière candidate issue des lots cars/SUV; absence de preuve suffisante pour publier une correspondance exacte.,
PROPOSITION_NON_APPLIQUEE,65482.jpg,65482,road-candidates,suvs,60061,Audi,X3 xDrive20d,X3 xDrive20d Edition 22,2019,Catégorie routière seulement; marque/modèle à confirmer avant approbation,Photo routière candidate issue des lots cars/SUV; absence de preuve suffisante pour publier une correspondance exacte.,
PROPOSITION_NON_APPLIQUEE,65483.jpg,65483,road-candidates,suvs,60141,Audi,X3 xDrive20d,X3 xDrive20d Edition 102,2022,Catégorie routière seulement; marque/modèle à confirmer avant approbation,Photo routière candidate issue des lots cars/SUV; absence de preuve suffisante pour publier une correspondance exacte.,
PROPOSITION_NON_APPLIQUEE,65484.jpg,65484,road-candidates,suvs,60101,Audi,X3 xDrive20d,X3 xDrive20d Edition 62,2024,Catégorie routière seulement; marque/modèle à confirmer avant approbation,Photo routière candidate issue des lots cars/SUV; absence de preuve suffisante pour publier une correspondance exacte.,
PROPOSITION_NON_APPLIQUEE,65485.jpg,65485,road-candidates,suvs,30005,BMW,X5,xDrive30d M Sport,2023,Catégorie routière seulement; marque/modèle à confirmer avant approbation,Photo routière candidate issue des lots cars/SUV; absence de preuve suffisante pour publier une correspondance exacte.,
PROPOSITION_NON_APPLIQUEE,65486.jpg,65486,road-candidates,suvs,180010,Kia,Sportage,Sportage GT-Line Hybrid AWD,2025,Catégorie routière seulement; marque/modèle à confirmer avant approbation,Photo routière candidate issue des lots cars/SUV; absence de preuve suffisante pour publier une correspondance exacte.,
PROPOSITION_NON_APPLIQUEE,65487.jpg,65487,road-candidates,suvs,30006,Mercedes-Benz,GLE,350 de 4MATIC Coupé,2022,Catégorie routière seulement; marque/modèle à confirmer avant approbation,Photo routière candidate issue des lots cars/SUV; absence de preuve suffisante pour publier une correspondance exacte.,
PROPOSITION_NON_APPLIQUEE,65488.jpg,65488,road-candidates,suvs,180008,Volkswagen,T-Roc,T-Roc R-Line 2.0 TSI,2021,Catégorie routière seulement; marque/modèle à confirmer avant approbation,Photo routière candidate issue des lots cars/SUV; absence de preuve suffisante pour publier une correspondance exacte.,
PROPOSITION_NON_APPLIQUEE,65489.jpg,65489,road-candidates,suvs,180005,Volkswagen,T-Roc,T-Roc Style 1.0 TSI,2022,Catégorie routière seulement; marque/modèle à confirmer avant approbation,Photo routière candidate issue des lots cars/SUV; absence de preuve suffisante pour publier une correspondance exacte.,
PROPOSITION_NON_APPLIQUEE,65490.jpg,65490,road-candidates,suvs,180004,Volkswagen,T-Roc,T-Roc 2.0 TDI 4Motion Sport,2023,Catégorie routière seulement; marque/modèle à confirmer avant approbation,Photo routière candidate issue des lots cars/SUV; absence de preuve suffisante pour publier une correspondance exacte.,
PROPOSITION_NON_APPLIQUEE,65491.jpg,65491,road-candidates,suvs,180006,Volkswagen,T-Roc,T-Roc R Performance 4Motion,2023,Catégorie routière seulement; marque/modèle à confirmer avant approbation,Photo routière candidate issue des lots cars/SUV; absence de preuve suffisante pour publier une correspondance exacte.,
PROPOSITION_NON_APPLIQUEE,65492.jpg,65492,road-candidates,suvs,180007,Volkswagen,T-Roc,T-Roc Style 1.5 TSI,2023,Catégorie routière seulement; marque/modèle à confirmer avant approbation,Photo routière candidate issue des lots cars/SUV; absence de preuve suffisante pour publier une correspondance exacte.,
PROPOSITION_NON_APPLIQUEE,65493.jpg,65493,road-candidates,suvs,180003,Volkswagen,T-Roc,T-Roc Black Edition 1.5 TSI,2024,Catégorie routière seulement; marque/modèle à confirmer avant approbation,Photo routière candidate issue des lots cars/SUV; absence de preuve suffisante pour publier une correspondance exacte.,
PROPOSITION_NON_APPLIQUEE,65494.jpg,65494,road-candidates,suvs,180002,Volkswagen,T-Roc,T-Roc R-Line 2.0 TSI 4Motion,2025,Catégorie routière seulement; marque/modèle à confirmer avant approbation,Photo routière candidate issue des lots cars/SUV; absence de preuve suffisante pour publier une correspondance exacte.,
PROPOSITION_NON_APPLIQUEE,65495.jpg,65495,road-candidates,suvs,120002,Volkswagen,Tiguan,2.0 TDI Elegance 4Motion DSG,2022,Catégorie routière seulement; marque/modèle à confirmer avant approbation,Photo routière candidate issue des lots cars/SUV; absence de preuve suffisante pour publier une correspondance exacte.,
PROPOSITION_NON_APPLIQUEE,65496.jpg,65496,road-candidates,suvs,120001,Volkswagen,Tiguan,2.0 TSI R-Line Black Style DSG,2023,Catégorie routière seulement; marque/modèle à confirmer avant approbation,Photo routière candidate issue des lots cars/SUV; absence de preuve suffisante pour publier une correspondance exacte.,
PROPOSITION_NON_APPLIQUEE,65497.jpg,65497,road-candidates,suvs,120004,Volkswagen,Tiguan,2.0 TSI R-Line Edition DSG,2023,Catégorie routière seulement; marque/modèle à confirmer avant approbation,Photo routière candidate issue des lots cars/SUV; absence de preuve suffisante pour publier une correspondance exacte.,
PROPOSITION_NON_APPLIQUEE,65498.jpg,65498,road-candidates,suvs,120003,Volkswagen,Tiguan,2.0 TDI R-Line DSG IQ.Light,2024,Catégorie routière seulement; marque/modèle à confirmer avant approbation,Photo routière candidate issue des lots cars/SUV; absence de preuve suffisante pour publier une correspondance exacte.,
PROPOSITION_NON_APPLIQUEE,65499.jpg,65499,road-candidates,coupes,60082,Audi,M4 Competition,M4 Competition Edition 43,2019,Catégorie routière seulement; marque/modèle à confirmer avant approbation,Photo routière candidate issue des lots cars/SUV; absence de preuve suffisante pour publier une correspondance exacte.,
PROPOSITION_NON_APPLIQUEE,65500.jpg,65500,road-candidates,coupes,60023,Audi,M850i,M850i Edition 23,2020,Catégorie routière seulement; marque/modèle à confirmer avant approbation,Photo routière candidate issue des lots cars/SUV; absence de preuve suffisante pour publier une correspondance exacte.,
PROPOSITION_NON_APPLIQUEE,65501.jpg,65501,road-candidates,coupes,60062,Audi,M850i,M850i Edition 23,2020,Catégorie routière seulement; marque/modèle à confirmer avant approbation,Photo routière candidate issue des lots cars/SUV; absence de preuve suffisante pour publier une correspondance exacte.,
PROPOSITION_NON_APPLIQUEE,65502.jpg,65502,road-candidates,coupes,60122,Audi,M850i,M850i Edition 83,2024,Catégorie routière seulement; marque/modèle à confirmer avant approbation,Photo routière candidate issue des lots cars/SUV; absence de preuve suffisante pour publier une correspondance exacte.,
PROPOSITION_NON_APPLIQUEE,65503.jpg,65503,road-candidates,coupes,60102,Audi,RS5 Coupé,RS5 Coupé Edition 63,2018,Catégorie routière seulement; marque/modèle à confirmer avant approbation,Photo routière candidate issue des lots cars/SUV; absence de preuve suffisante pour publier une correspondance exacte.,
PROPOSITION_NON_APPLIQUEE,65504.jpg,65504,road-candidates,coupes,60204,Audi,RS5 Coupé,RS5 Coupé Export Line 63,2018,Catégorie routière seulement; marque/modèle à confirmer avant approbation,Photo routière candidate issue des lots cars/SUV; absence de preuve suffisante pour publier une correspondance exacte.,
PROPOSITION_NON_APPLIQUEE,65505.jpg,65505,road-candidates,coupes,60184,Audi,RS5 Coupé,RS5 Coupé Export Line 43,2019,Catégorie routière seulement; marque/modèle à confirmer avant approbation,Photo routière candidate issue des lots cars/SUV; absence de preuve suffisante pour publier une correspondance exacte.,
PROPOSITION_NON_APPLIQUEE,65522.jpg,65522,road-candidates,coupes,60164,Audi,RS5 Coupé,RS5 Coupé Export Line 23,2020,Catégorie routière seulement; marque/modèle à confirmer avant approbation,Photo routière candidate issue des lots cars/SUV; absence de preuve suffisante pour publier une correspondance exacte.,
PROPOSITION_NON_APPLIQUEE,65526.jpg,65526,road-candidates,coupes,60003,Audi,RS5 Coupé,RS5 Coupé Edition 3,2021,Catégorie routière seulement; marque/modèle à confirmer avant approbation,Photo routière candidate issue des lots cars/SUV; absence de preuve suffisante pour publier une correspondance exacte.,
PROPOSITION_NON_APPLIQUEE,65527.jpg,65527,road-candidates,coupes,60042,Audi,RS5 Coupé,RS5 Coupé Edition 3,2021,Catégorie routière seulement; marque/modèle à confirmer avant approbation,Photo routière candidate issue des lots cars/SUV; absence de preuve suffisante pour publier une correspondance exacte.,
PROPOSITION_NON_APPLIQUEE,65528.jpg,65528,road-candidates,coupes,60144,Audi,RS5 Coupé,RS5 Coupé Export Line 3,2021,Catégorie routière seulement; marque/modèle à confirmer avant approbation,Photo routière candidate issue des lots cars/SUV; absence de preuve suffisante pour publier une correspondance exacte.,
PROPOSITION_NON_APPLIQUEE,65529.jpg,65529,road-candidates,coupes,180001,Audi,RS5 Coupé,RS5 Quattro Tiptronic Sport Edition,2022,Catégorie routière seulement; marque/modèle à confirmer avant approbation,Photo routière candidate issue des lots cars/SUV; absence de preuve suffisante pour publier une correspondance exacte.,
PROPOSITION_NON_APPLIQUEE,65530.jpg,65530,road-candidates,coupes,60224,Audi,RS5 Coupé,RS5 Coupé Export Line 83,2024,Catégorie routière seulement; marque/modèle à confirmer avant approbation,Photo routière candidate issue des lots cars/SUV; absence de preuve suffisante pour publier une correspondance exacte.,
PROPOSITION_NON_APPLIQUEE,65531.jpg,65531,road-candidates,coupes,60234,BMW,M4 Competition,M4 Competition Export Line 93,2020,Catégorie routière seulement; marque/modèle à confirmer avant approbation,Photo routière candidate issue des lots cars/SUV; absence de preuve suffisante pour publier une correspondance exacte.,
PROPOSITION_NON_APPLIQUEE,65532.jpg,65532,road-candidates,coupes,60112,BMW,M4 Competition,M4 Competition Edition 73,2021,Catégorie routière seulement; marque/modèle à confirmer avant approbation,Photo routière candidate issue des lots cars/SUV; absence de preuve suffisante pour publier une correspondance exacte.,
PROPOSITION_NON_APPLIQUEE,65537.jpg,65537,road-candidates,coupes,60214,BMW,M4 Competition,M4 Competition Export Line 73,2021,Catégorie routière seulement; marque/modèle à confirmer avant approbation,Photo routière candidate issue des lots cars/SUV; absence de preuve suffisante pour publier une correspondance exacte.,
PROPOSITION_NON_APPLIQUEE,65538.jpg,65538,road-candidates,coupes,60194,BMW,M4 Competition,M4 Competition Export Line 53,2022,Catégorie routière seulement; marque/modèle à confirmer avant approbation,Photo routière candidate issue des lots cars/SUV; absence de preuve suffisante pour publier une correspondance exacte.,
PROPOSITION_NON_APPLIQUEE,65539.jpg,65539,road-candidates,coupes,30009,BMW,M4 Competition,M xDrive Coupe,2023,Catégorie routière seulement; marque/modèle à confirmer avant approbation,Photo routière candidate issue des lots cars/SUV; absence de preuve suffisante pour publier une correspondance exacte.,
PROPOSITION_NON_APPLIQUEE,65540.jpg,65540,road-candidates,coupes,60174,BMW,M4 Competition,M4 Competition Export Line 33,2023,Catégorie routière seulement; marque/modèle à confirmer avant approbation,Photo routière candidate issue des lots cars/SUV; absence de preuve suffisante pour publier une correspondance exacte.,
PROPOSITION_NON_APPLIQUEE,65541.jpg,65541,road-candidates,coupes,60013,BMW,M4 Competition,M4 Competition Edition 13,2024,Catégorie routière seulement; marque/modèle à confirmer avant approbation,Photo routière candidate issue des lots cars/SUV; absence de preuve suffisante pour publier une correspondance exacte.,
PROPOSITION_NON_APPLIQUEE,65543.jpg,65543,road-candidates,coupes,60052,BMW,M4 Competition,M4 Competition Edition 13,2024,Catégorie routière seulement; marque/modèle à confirmer avant approbation,Photo routière candidate issue des lots cars/SUV; absence de preuve suffisante pour publier une correspondance exacte.,
PROPOSITION_NON_APPLIQUEE,65544.jpg,65544,road-candidates,coupes,60154,BMW,M4 Competition,M4 Competition Export Line 13,2024,Catégorie routière seulement; marque/modèle à confirmer avant approbation,Photo routière candidate issue des lots cars/SUV; absence de preuve suffisante pour publier une correspondance exacte.,
PROPOSITION_NON_APPLIQUEE,65546.jpg,65546,road-candidates,coupes,60092,BMW,M850i,M850i Edition 53,2022,Catégorie routière seulement; marque/modèle à confirmer avant approbation,Photo routière candidate issue des lots cars/SUV; absence de preuve suffisante pour publier une correspondance exacte.,
PROPOSITION_NON_APPLIQUEE,65547.jpg,65547,road-candidates,coupes,60132,BMW,RS5 Coupé,RS5 Coupé Edition 93,2020,Catégorie routière seulement; marque/modèle à confirmer avant approbation,Photo routière candidate issue des lots cars/SUV; absence de preuve suffisante pour publier une correspondance exacte.,
PROPOSITION_NON_APPLIQUEE,65548.jpg,65548,road-candidates,coupes,60033,BMW,RS5 Coupé,RS5 Coupé Edition 33,2023,Catégorie routière seulement; marque/modèle à confirmer avant approbation,Photo routière candidate issue des lots cars/SUV; absence de preuve suffisante pour publier une correspondance exacte.,
PROPOSITION_NON_APPLIQUEE,65549.jpg,65549,road-candidates,coupes,60072,BMW,RS5 Coupé,RS5 Coupé Edition 33,2023,Catégorie routière seulement; marque/modèle à confirmer avant approbation,Photo routière candidate issue des lots cars/SUV; absence de preuve suffisante pour publier une correspondance exacte.,
PROPOSITION_NON_APPLIQUEE,65550.jpg,65550,road-candidates,coupes,30008,Porsche,911 Carrera S,992 Coupe PDK,2021,Catégorie routière seulement; marque/modèle à confirmer avant approbation,Photo routière candidate issue des lots cars/SUV; absence de preuve suffisante pour publier une correspondance exacte.,
PROPOSITION_NON_APPLIQUEE,65551.jpg,65551,road-candidates,electric,30012,Audi,Q4 e-tron,40 Advanced,2024,Catégorie routière seulement; marque/modèle à confirmer avant approbation,Photo routière candidate issue des lots cars/SUV; absence de preuve suffisante pour publier une correspondance exacte.,
PROPOSITION_NON_APPLIQUEE,65552.jpg,65552,road-candidates,electric,60176,Audi,Taycan 4S,Taycan 4S Export Line 35,2018,Catégorie routière seulement; marque/modèle à confirmer avant approbation,Photo routière candidate issue des lots cars/SUV; absence de preuve suffisante pour publier une correspondance exacte.,
PROPOSITION_NON_APPLIQUEE,65553.jpg,65553,road-candidates,electric,60015,Audi,Taycan 4S,Taycan 4S Edition 15,2019,Catégorie routière seulement; marque/modèle à confirmer avant approbation,Photo routière candidate issue des lots cars/SUV; absence de preuve suffisante pour publier une correspondance exacte.,
PROPOSITION_NON_APPLIQUEE,65554.jpg,65554,road-candidates,electric,60054,Audi,Taycan 4S,Taycan 4S Edition 15,2019,Catégorie routière seulement; marque/modèle à confirmer avant approbation,Photo routière candidate issue des lots cars/SUV; absence de preuve suffisante pour publier une correspondance exacte.,
PROPOSITION_NON_APPLIQUEE,65555.jpg,65555,road-candidates,electric,60156,Audi,Taycan 4S,Taycan 4S Export Line 15,2019,Catégorie routière seulement; marque/modèle à confirmer avant approbation,Photo routière candidate issue des lots cars/SUV; absence de preuve suffisante pour publier une correspondance exacte.,
PROPOSITION_NON_APPLIQUEE,65556.jpg,65556,road-candidates,electric,60084,Audi,Taycan 4S,Taycan 4S Edition 45,2021,Catégorie routière seulement; marque/modèle à confirmer avant approbation,Photo routière candidate issue des lots cars/SUV; absence de preuve suffisante pour publier une correspondance exacte.,
PROPOSITION_NON_APPLIQUEE,65557.jpg,65557,road-candidates,electric,60236,Audi,Taycan 4S,Taycan 4S Export Line 95,2022,Catégorie routière seulement; marque/modèle à confirmer avant approbation,Photo routière candidate issue des lots cars/SUV; absence de preuve suffisante pour publier une correspondance exacte.,
PROPOSITION_NON_APPLIQUEE,65558.jpg,65558,road-candidates,electric,60114,Audi,Taycan 4S,Taycan 4S Edition 75,2023,Catégorie routière seulement; marque/modèle à confirmer avant approbation,Photo routière candidate issue des lots cars/SUV; absence de preuve suffisante pour publier une correspondance exacte.,
PROPOSITION_NON_APPLIQUEE,65559.jpg,65559,road-candidates,electric,60216,Audi,Taycan 4S,Taycan 4S Export Line 75,2023,Catégorie routière seulement; marque/modèle à confirmer avant approbation,Photo routière candidate issue des lots cars/SUV; absence de preuve suffisante pour publier une correspondance exacte.,
PROPOSITION_NON_APPLIQUEE,65560.jpg,65560,road-candidates,electric,60196,Audi,Taycan 4S,Taycan 4S Export Line 55,2024,Catégorie routière seulement; marque/modèle à confirmer avant approbation,Photo routière candidate issue des lots cars/SUV; absence de preuve suffisante pour publier une correspondance exacte.,
PROPOSITION_NON_APPLIQUEE,65561.jpg,65561,road-candidates,electric,60124,Audi,i4 M50,i4 M50 Edition 85,2019,Catégorie routière seulement; marque/modèle à confirmer avant approbation,Photo routière candidate issue des lots cars/SUV; absence de preuve suffisante pour publier une correspondance exacte.,
PROPOSITION_NON_APPLIQUEE,65562.jpg,65562,road-candidates,electric,60226,Audi,i4 M50,i4 M50 Export Line 85,2019,Catégorie routière seulement; marque/modèle à confirmer avant approbation,Photo routière candidate issue des lots cars/SUV; absence de preuve suffisante pour publier une correspondance exacte.,
PROPOSITION_NON_APPLIQUEE,65563.jpg,65563,road-candidates,electric,60206,Audi,i4 M50,i4 M50 Export Line 65,2020,Catégorie routière seulement; marque/modèle à confirmer avant approbation,Photo routière candidate issue des lots cars/SUV; absence de preuve suffisante pour publier une correspondance exacte.,
PROPOSITION_NON_APPLIQUEE,65564.jpg,65564,road-candidates,electric,60186,Audi,i4 M50,i4 M50 Export Line 45,2021,Catégorie routière seulement; marque/modèle à confirmer avant approbation,Photo routière candidate issue des lots cars/SUV; absence de preuve suffisante pour publier une correspondance exacte.,
PROPOSITION_NON_APPLIQUEE,65565.jpg,65565,road-candidates,electric,60025,Audi,i4 M50,i4 M50 Edition 25,2022,Catégorie routière seulement; marque/modèle à confirmer avant approbation,Photo routière candidate issue des lots cars/SUV; absence de preuve suffisante pour publier une correspondance exacte.,
PROPOSITION_NON_APPLIQUEE,65566.jpg,65566,road-candidates,electric,60064,Audi,i4 M50,i4 M50 Edition 25,2022,Catégorie routière seulement; marque/modèle à confirmer avant approbation,Photo routière candidate issue des lots cars/SUV; absence de preuve suffisante pour publier une correspondance exacte.,
PROPOSITION_NON_APPLIQUEE,65567.jpg,65567,road-candidates,electric,60166,Audi,i4 M50,i4 M50 Export Line 25,2022,Catégorie routière seulement; marque/modèle à confirmer avant approbation,Photo routière candidate issue des lots cars/SUV; absence de preuve suffisante pour publier une correspondance exacte.,
PROPOSITION_NON_APPLIQUEE,65568.jpg,65568,road-candidates,electric,60146,Audi,i4 M50,i4 M50 Export Line 5,2023,Catégorie routière seulement; marque/modèle à confirmer avant approbation,Photo routière candidate issue des lots cars/SUV; absence de preuve suffisante pour publier une correspondance exacte.,
PROPOSITION_NON_APPLIQUEE,65569.jpg,65569,road-candidates,electric,60094,Audi,i4 M50,i4 M50 Edition 55,2024,Catégorie routière seulement; marque/modèle à confirmer avant approbation,Photo routière candidate issue des lots cars/SUV; absence de preuve suffisante pour publier une correspondance exacte.,
PROPOSITION_NON_APPLIQUEE,65570.jpg,65570,road-candidates,electric,60035,Audi,iX xDrive40,iX xDrive40 Edition 35,2018,Catégorie routière seulement; marque/modèle à confirmer avant approbation,Photo routière candidate issue des lots cars/SUV; absence de preuve suffisante pour publier une correspondance exacte.,
PROPOSITION_NON_APPLIQUEE,65571.jpg,65571,road-candidates,electric,60074,Audi,iX xDrive40,iX xDrive40 Edition 35,2018,Catégorie routière seulement; marque/modèle à confirmer avant approbation,Photo routière candidate issue des lots cars/SUV; absence de preuve suffisante pour publier une correspondance exacte.,
PROPOSITION_NON_APPLIQUEE,65572.jpg,65572,road-candidates,electric,60104,Audi,iX xDrive40,iX xDrive40 Edition 65,2020,Catégorie routière seulement; marque/modèle à confirmer avant approbation,Photo routière candidate issue des lots cars/SUV; absence de preuve suffisante pour publier une correspondance exacte.,
PROPOSITION_NON_APPLIQUEE,65573.jpg,65573,road-candidates,electric,60134,Audi,iX xDrive40,iX xDrive40 Edition 95,2022,Catégorie routière seulement; marque/modèle à confirmer avant approbation,Photo routière candidate issue des lots cars/SUV; absence de preuve suffisante pour publier une correspondance exacte.,
PROPOSITION_NON_APPLIQUEE,65574.jpg,65574,road-candidates,electric,60005,Audi,iX xDrive40,iX xDrive40 Edition 5,2023,Catégorie routière seulement; marque/modèle à confirmer avant approbation,Photo routière candidate issue des lots cars/SUV; absence de preuve suffisante pour publier une correspondance exacte.,
PROPOSITION_NON_APPLIQUEE,65575.jpg,65575,road-candidates,electric,60044,Audi,iX xDrive40,iX xDrive40 Edition 5,2023,Catégorie routière seulement; marque/modèle à confirmer avant approbation,Photo routière candidate issue des lots cars/SUV; absence de preuve suffisante pour publier une correspondance exacte.,
PROPOSITION_NON_APPLIQUEE,65577.jpg,65577,road-candidates,electric,30013,Volkswagen,ID.4,Pro Performance,2023,Catégorie routière seulement; marque/modèle à confirmer avant approbation,Photo routière candidate issue des lots cars/SUV; absence de preuve suffisante pour publier une correspondance exacte.,
PROPOSITION_NON_APPLIQUEE,65578.jpg,65578,road-candidates,electric,180009,Volkswagen,ID.4,ID.4 Pro Performance Tech,2023,Catégorie routière seulement; marque/modèle à confirmer avant approbation,Photo routière candidate issue des lots cars/SUV; absence de preuve suffisante pour publier une correspondance exacte.,
PROPOSITION_NON_APPLIQUEE,65579.jpg,65579,road-candidates,cars,30003,Audi,A6 Avant,40 TDI S line Quattro,2022,Catégorie routière seulement; marque/modèle à confirmer avant approbation,Photo routière candidate issue des lots cars/SUV; absence de preuve suffisante pour publier une correspondance exacte.,
PROPOSITION_NON_APPLIQUEE,65580.jpg,65580,road-candidates,cars,8,Audi,Q4 e-tron,40 Advanced,2024,Catégorie routière seulement; marque/modèle à confirmer avant approbation,Photo routière candidate issue des lots cars/SUV; absence de preuve suffisante pour publier une correspondance exacte.,
PROPOSITION_NON_APPLIQUEE,65582.jpg,65582,road-candidates,cars,60021,BMW,Série 3,Série 3 Edition 21,2018,Catégorie routière seulement; marque/modèle à confirmer avant approbation,Photo routière candidate issue des lots cars/SUV; absence de preuve suffisante pour publier une correspondance exacte.,
PROPOSITION_NON_APPLIQUEE,65584.jpg,65584,road-candidates,cars,60060,BMW,Série 3,Série 3 Edition 21,2018,Catégorie routière seulement; marque/modèle à confirmer avant approbation,Photo routière candidate issue des lots cars/SUV; absence de preuve suffisante pour publier une correspondance exacte.,
PROPOSITION_NON_APPLIQUEE,65585.jpg,65585,road-candidates,cars,60130,BMW,Série 3,Série 3 Edition 91,2018,Catégorie routière seulement; marque/modèle à confirmer avant approbation,Photo routière candidate issue des lots cars/SUV; absence de preuve suffisante pour publier une correspondance exacte.,
PROPOSITION_NON_APPLIQUEE,65587.jpg,65587,road-candidates,cars,60162,BMW,Série 3,Série 3 Export Line 21,2018,Catégorie routière seulement; marque/modèle à confirmer avant approbation,Photo routière candidate issue des lots cars/SUV; absence de preuve suffisante pour publier une correspondance exacte.,
PROPOSITION_NON_APPLIQUEE,65588.jpg,65588,road-candidates,cars,60232,BMW,Série 3,Série 3 Export Line 91,2018,Catégorie routière seulement; marque/modèle à confirmer avant approbation,Photo routière candidate issue des lots cars/SUV; absence de preuve suffisante pour publier une correspondance exacte.,
PROPOSITION_NON_APPLIQUEE,65589.jpg,65589,road-candidates,cars,60001,BMW,Série 3,Série 3 Edition 1,2019,Catégorie routière seulement; marque/modèle à confirmer avant approbation,Photo routière candidate issue des lots cars/SUV; absence de preuve suffisante pour publier une correspondance exacte.,
PROPOSITION_NON_APPLIQUEE,65590.jpg,65590,road-candidates,cars,60040,BMW,Série 3,Série 3 Edition 1,2019,Catégorie routière seulement; marque/modèle à confirmer avant approbation,Photo routière candidate issue des lots cars/SUV; absence de preuve suffisante pour publier une correspondance exacte.,
PROPOSITION_NON_APPLIQUEE,65591.jpg,65591,road-candidates,cars,60110,BMW,Série 3,Série 3 Edition 71,2019,Catégorie routière seulement; marque/modèle à confirmer avant approbation,Photo routière candidate issue des lots cars/SUV; absence de preuve suffisante pour publier une correspondance exacte.,
PROPOSITION_NON_APPLIQUEE,65592.jpg,65592,road-candidates,cars,60142,BMW,Série 3,Série 3 Export Line 1,2019,Catégorie routière seulement; marque/modèle à confirmer avant approbation,Photo routière candidate issue des lots cars/SUV; absence de preuve suffisante pour publier une correspondance exacte.,
PROPOSITION_NON_APPLIQUEE,65593.jpg,65593,road-candidates,cars,60212,BMW,Série 3,Série 3 Export Line 71,2019,Catégorie routière seulement; marque/modèle à confirmer avant approbation,Photo routière candidate issue des lots cars/SUV; absence de preuve suffisante pour publier une correspondance exacte.,
PROPOSITION_NON_APPLIQUEE,65594.jpg,65594,road-candidates,cars,60090,BMW,Série 3,Série 3 Edition 51,2020,Catégorie routière seulement; marque/modèle à confirmer avant approbation,Photo routière candidate issue des lots cars/SUV; absence de preuve suffisante pour publier une correspondance exacte.,
PROPOSITION_NON_APPLIQUEE,65595.jpg,65595,road-candidates,cars,60192,BMW,Série 3,Série 3 Export Line 51,2020,Catégorie routière seulement; marque/modèle à confirmer avant approbation,Photo routière candidate issue des lots cars/SUV; absence de preuve suffisante pour publier une correspondance exacte.,
PROPOSITION_NON_APPLIQUEE,65596.jpg,65596,road-candidates,cars,60031,BMW,Série 3,Série 3 Edition 31,2021,Catégorie routière seulement; marque/modèle à confirmer avant approbation,Photo routière candidate issue des lots cars/SUV; absence de preuve suffisante pour publier une correspondance exacte.,
PROPOSITION_NON_APPLIQUEE,65597.jpg,65597,road-candidates,cars,60070,BMW,Série 3,Série 3 Edition 31,2021,Catégorie routière seulement; marque/modèle à confirmer avant approbation,Photo routière candidate issue des lots cars/SUV; absence de preuve suffisante pour publier une correspondance exacte.,
PROPOSITION_NON_APPLIQUEE,65598.jpg,65598,road-candidates,cars,60140,BMW,Série 3,Série 3 Edition 101,2021,Catégorie routière seulement; marque/modèle à confirmer avant approbation,Photo routière candidate issue des lots cars/SUV; absence de preuve suffisante pour publier une correspondance exacte.,
PROPOSITION_NON_APPLIQUEE,65599.jpg,65599,road-candidates,cars,60172,BMW,Série 3,Série 3 Export Line 31,2021,Catégorie routière seulement; marque/modèle à confirmer avant approbation,Photo routière candidate issue des lots cars/SUV; absence de preuve suffisante pour publier une correspondance exacte.,
PROPOSITION_NON_APPLIQUEE,65600.jpg,65600,road-candidates,cars,60011,BMW,Série 3,Série 3 Edition 11,2022,Catégorie routière seulement; marque/modèle à confirmer avant approbation,Photo routière candidate issue des lots cars/SUV; absence de preuve suffisante pour publier une correspondance exacte.,
PROPOSITION_NON_APPLIQUEE,65601.jpg,65601,road-candidates,cars,60050,BMW,Série 3,Série 3 Edition 11,2022,Catégorie routière seulement; marque/modèle à confirmer avant approbation,Photo routière candidate issue des lots cars/SUV; absence de preuve suffisante pour publier une correspondance exacte.,
PROPOSITION_NON_APPLIQUEE,65602.jpg,65602,road-candidates,cars,60120,BMW,Série 3,Série 3 Edition 81,2022,Catégorie routière seulement; marque/modèle à confirmer avant approbation,Photo routière candidate issue des lots cars/SUV; absence de preuve suffisante pour publier une correspondance exacte.,
PROPOSITION_NON_APPLIQUEE,65603.jpg,65603,road-candidates,cars,60152,BMW,Série 3,Série 3 Export Line 11,2022,Catégorie routière seulement; marque/modèle à confirmer avant approbation,Photo routière candidate issue des lots cars/SUV; absence de preuve suffisante pour publier une correspondance exacte.,
PROPOSITION_NON_APPLIQUEE,65604.jpg,65604,road-candidates,cars,60222,BMW,Série 3,Série 3 Export Line 81,2022,Catégorie routière seulement; marque/modèle à confirmer avant approbation,Photo routière candidate issue des lots cars/SUV; absence de preuve suffisante pour publier une correspondance exacte.,
PROPOSITION_NON_APPLIQUEE,65605.jpg,65605,road-candidates,cars,30002,BMW,Série 3,320d xDrive M Sport,2023,Catégorie routière seulement; marque/modèle à confirmer avant approbation,Photo routière candidate issue des lots cars/SUV; absence de preuve suffisante pour publier une correspondance exacte.,
PROPOSITION_NON_APPLIQUEE,65606.jpg,65606,road-candidates,cars,60100,BMW,Série 3,Série 3 Edition 61,2023,Catégorie routière seulement; marque/modèle à confirmer avant approbation,Photo routière candidate issue des lots cars/SUV; absence de preuve suffisante pour publier une correspondance exacte.,
PROPOSITION_NON_APPLIQUEE,65607.jpg,65607,road-candidates,cars,60202,BMW,Série 3,Série 3 Export Line 61,2023,Catégorie routière seulement; marque/modèle à confirmer avant approbation,Photo routière candidate issue des lots cars/SUV; absence de preuve suffisante pour publier une correspondance exacte.,
PROPOSITION_NON_APPLIQUEE,65608.jpg,65608,road-candidates,cars,60080,BMW,Série 3,Série 3 Edition 41,2024,Catégorie routière seulement; marque/modèle à confirmer avant approbation,Photo routière candidate issue des lots cars/SUV; absence de preuve suffisante pour publier une correspondance exacte.,
PROPOSITION_NON_APPLIQUEE,65609.jpg,65609,road-candidates,cars,60182,BMW,Série 3,Série 3 Export Line 41,2024,Catégorie routière seulement; marque/modèle à confirmer avant approbation,Photo routière candidate issue des lots cars/SUV; absence de preuve suffisante pour publier une correspondance exacte.,
PROPOSITION_NON_APPLIQUEE,65610.jpg,65610,road-candidates,cars,6,BMW,X5 xDrive30d,M Sport Package,2023,Catégorie routière seulement; marque/modèle à confirmer avant approbation,Photo routière candidate issue des lots cars/SUV; absence de preuve suffisante pour publier une correspondance exacte.,
PROPOSITION_NON_APPLIQUEE,65611.jpg,65611,road-candidates,cars,5,John Deere,5075E,Utility Tractor,2022,Catégorie routière seulement; marque/modèle à confirmer avant approbation,Photo routière candidate issue des lots cars/SUV; absence de preuve suffisante pour publier une correspondance exacte.,
PROPOSITION_NON_APPLIQUEE,65612.jpg,65612,road-candidates,cars,4,Mercedes-Benz,Atego 1224,Box Truck + Tail Lift,2020,Catégorie routière seulement; marque/modèle à confirmer avant approbation,Photo routière candidate issue des lots cars/SUV; absence de preuve suffisante pour publier une correspondance exacte.,
PROPOSITION_NON_APPLIQUEE,65613.jpg,65613,road-candidates,cars,1,Mercedes-Benz,Classe C,200 d Avantgarde,2022,Catégorie routière seulement; marque/modèle à confirmer avant approbation,Photo routière candidate issue des lots cars/SUV; absence de preuve suffisante pour publier une correspondance exacte.,
PROPOSITION_NON_APPLIQUEE,65614.jpg,65614,road-candidates,cars,30001,Mercedes-Benz,Classe C,C 200 d Avantgarde Estate,2022,Catégorie routière seulement; marque/modèle à confirmer avant approbation,Photo routière candidate issue des lots cars/SUV; absence de preuve suffisante pour publier une correspondance exacte.,
PROPOSITION_NON_APPLIQUEE,65615.jpg,65615,road-candidates,cars,7,Porsche,911 Carrera S,992 Coupe,2021,Catégorie routière seulement; marque/modèle à confirmer avant approbation,Photo routière candidate issue des lots cars/SUV; absence de preuve suffisante pour publier une correspondance exacte.,
PROPOSITION_NON_APPLIQUEE,65616.jpg,65616,road-candidates,cars,3,Volkswagen,Transporter T6.1,EcoPro Panel Van,2021,Catégorie routière seulement; marque/modèle à confirmer avant approbation,Photo routière candidate issue des lots cars/SUV; absence de preuve suffisante pour publier une correspondance exacte.,
PROPOSITION_NON_APPLIQUEE,65617.jpg,65617,road-candidates,vans,60155,MAN,TGE 3.140,TGE 3.140 Export Line 14,2018,Catégorie routière seulement; marque/modèle à confirmer avant approbation,Photo routière candidate issue des lots cars/SUV; absence de preuve suffisante pour publier une correspondance exacte.,
PROPOSITION_NON_APPLIQUEE,65618.jpg,65618,road-candidates,vans,60185,MAN,TGE 3.140,TGE 3.140 Export Line 44,2020,Catégorie routière seulement; marque/modèle à confirmer avant approbation,Photo routière candidate issue des lots cars/SUV; absence de preuve suffisante pour publier une correspondance exacte.,
SANS_PHOTO_UNIQUE,,,,agricultural,60171,Claas,8R 410,8R 410 Export Line 30,2020,Aucune,Aucune photo distincte compatible disponible dans la proposition sans réutilisation. Les données existantes restent inchangées.,
SANS_PHOTO_UNIQUE,,,,agricultural,60231,Claas,8R 410,8R 410 Export Line 90,2024,Aucune,Aucune photo distincte compatible disponible dans la proposition sans réutilisation. Les données existantes restent inchangées.,
SANS_PHOTO_UNIQUE,,,,agricultural,60211,Claas,933 Vario ProfiPlus,933 Vario ProfiPlus Export Line 70,2018,Aucune,Aucune photo distincte compatible disponible dans la proposition sans réutilisation. Les données existantes restent inchangées.,
SANS_PHOTO_UNIQUE,,,,agricultural,60151,Claas,933 Vario ProfiPlus,933 Vario ProfiPlus Export Line 10,2021,Aucune,Aucune photo distincte compatible disponible dans la proposition sans réutilisation. Les données existantes restent inchangées.,
SANS_PHOTO_UNIQUE,,,,agricultural,60109,Claas,Axion 870,Axion 870 Edition 70,2018,Aucune,Aucune photo distincte compatible disponible dans la proposition sans réutilisation. Les données existantes restent inchangées.,
SANS_PHOTO_UNIQUE,,,,agricultural,60089,Claas,Axion 870,Axion 870 Edition 50,2019,Aucune,Aucune photo distincte compatible disponible dans la proposition sans réutilisation. Les données existantes restent inchangées.,
SANS_PHOTO_UNIQUE,,,,agricultural,60191,Claas,Axion 870,Axion 870 Export Line 50,2019,Aucune,Aucune photo distincte compatible disponible dans la proposition sans réutilisation. Les données existantes restent inchangées.,
SANS_PHOTO_UNIQUE,,,,agricultural,60030,Claas,Axion 870,Axion 870 Edition 30,2020,Aucune,Aucune photo distincte compatible disponible dans la proposition sans réutilisation. Les données existantes restent inchangées.,
SANS_PHOTO_UNIQUE,,,,agricultural,60069,Claas,Axion 870,Axion 870 Edition 30,2020,Aucune,Aucune photo distincte compatible disponible dans la proposition sans réutilisation. Les données existantes restent inchangées.,
SANS_PHOTO_UNIQUE,,,,agricultural,60010,Claas,Axion 870,Axion 870 Edition 10,2021,Aucune,Aucune photo distincte compatible disponible dans la proposition sans réutilisation. Les données existantes restent inchangées.,
SANS_PHOTO_UNIQUE,,,,agricultural,60049,Claas,Axion 870,Axion 870 Edition 10,2021,Aucune,Aucune photo distincte compatible disponible dans la proposition sans réutilisation. Les données existantes restent inchangées.,
SANS_PHOTO_UNIQUE,,,,agricultural,60129,Claas,Axion 870,Axion 870 Edition 90,2024,Aucune,Aucune photo distincte compatible disponible dans la proposition sans réutilisation. Les données existantes restent inchangées.,
SANS_PHOTO_UNIQUE,,,,agricultural,30022,Fendt,724 Vario,Gen 6 ProfiPlus,2022,Aucune,Aucune photo distincte compatible disponible dans la proposition sans réutilisation. Les données existantes restent inchangées.,
SANS_PHOTO_UNIQUE,,,,agricultural,30021,John Deere,6R 250,High-Performance Tractor,2023,Aucune,Aucune photo distincte compatible disponible dans la proposition sans réutilisation. Les données existantes restent inchangées.,
SANS_PHOTO_UNIQUE,,,,agricultural,60139,John Deere,8R 410,8R 410 Edition 100,2020,Aucune,Aucune photo distincte compatible disponible dans la proposition sans réutilisation. Les données existantes restent inchangées.,
SANS_PHOTO_UNIQUE,,,,agricultural,60119,John Deere,8R 410,8R 410 Edition 80,2021,Aucune,Aucune photo distincte compatible disponible dans la proposition sans réutilisation. Les données existantes restent inchangées.,
SANS_PHOTO_UNIQUE,,,,agricultural,60099,John Deere,8R 410,8R 410 Edition 60,2022,Aucune,Aucune photo distincte compatible disponible dans la proposition sans réutilisation. Les données existantes restent inchangées.,
SANS_PHOTO_UNIQUE,,,,agricultural,60201,John Deere,8R 410,8R 410 Export Line 60,2022,Aucune,Aucune photo distincte compatible disponible dans la proposition sans réutilisation. Les données existantes restent inchangées.,
SANS_PHOTO_UNIQUE,,,,agricultural,60079,John Deere,8R 410,8R 410 Edition 40,2023,Aucune,Aucune photo distincte compatible disponible dans la proposition sans réutilisation. Les données existantes restent inchangées.,
SANS_PHOTO_UNIQUE,,,,agricultural,60020,John Deere,8R 410,8R 410 Edition 20,2024,Aucune,Aucune photo distincte compatible disponible dans la proposition sans réutilisation. Les données existantes restent inchangées.,
SANS_PHOTO_UNIQUE,,,,agricultural,60059,John Deere,8R 410,8R 410 Edition 20,2024,Aucune,Aucune photo distincte compatible disponible dans la proposition sans réutilisation. Les données existantes restent inchangées.,
SANS_PHOTO_UNIQUE,,,,agricultural,60181,John Deere,933 Vario ProfiPlus,933 Vario ProfiPlus Export Line 40,2023,Aucune,Aucune photo distincte compatible disponible dans la proposition sans réutilisation. Les données existantes restent inchangées.,
SANS_PHOTO_UNIQUE,,,,agricultural,60221,John Deere,Axion 870,Axion 870 Export Line 80,2021,Aucune,Aucune photo distincte compatible disponible dans la proposition sans réutilisation. Les données existantes restent inchangées.,
SANS_PHOTO_UNIQUE,,,,agricultural,60161,John Deere,Axion 870,Axion 870 Export Line 20,2024,Aucune,Aucune photo distincte compatible disponible dans la proposition sans réutilisation. Les données existantes restent inchangées.,
SANS_PHOTO_UNIQUE,,,,buses,150023,Mercedes-Benz / Setra,Mercedes-Benz Intouro,Mercedes-Benz Intouro M Euro VI - Édition 2004,2023,Aucune,Aucune photo distincte compatible disponible dans la proposition sans réutilisation. Les données existantes restent inchangées.,
SANS_PHOTO_UNIQUE,,,,buses,150001,Mercedes-Benz / Setra,Mercedes-Benz Tourismo,Mercedes-Benz Tourismo 16 RHD Euro VI - Édition 2026,2019,Aucune,Aucune photo distincte compatible disponible dans la proposition sans réutilisation. Les données existantes restent inchangées.,
SANS_PHOTO_UNIQUE,,,,buses,150031,Mercedes-Benz / Setra,Mercedes-Benz Tourismo,Mercedes-Benz Tourismo 16 RHD Euro VI - Édition 1996,2019,Aucune,Aucune photo distincte compatible disponible dans la proposition sans réutilisation. Les données existantes restent inchangées.,
SANS_PHOTO_UNIQUE,,,,buses,150021,Mercedes-Benz / Setra,Mercedes-Benz Tourismo,Mercedes-Benz Tourismo 16 RHD Euro VI - Édition 2006,2021,Aucune,Aucune photo distincte compatible disponible dans la proposition sans réutilisation. Les données existantes restent inchangées.,
SANS_PHOTO_UNIQUE,,,,buses,150011,Mercedes-Benz / Setra,Mercedes-Benz Tourismo,Mercedes-Benz Tourismo 16 RHD Euro VI - Édition 2016,2023,Aucune,Aucune photo distincte compatible disponible dans la proposition sans réutilisation. Les données existantes restent inchangées.,
SANS_PHOTO_UNIQUE,,,,buses,150026,Mercedes-Benz / Setra,Neoplan Tourliner,Neoplan Tourliner C Euro VI - Édition 2001,2020,Aucune,Aucune photo distincte compatible disponible dans la proposition sans réutilisation. Les données existantes restent inchangées.,
SANS_PHOTO_UNIQUE,,,,buses,150016,Mercedes-Benz / Setra,Neoplan Tourliner,Neoplan Tourliner C Euro VI - Édition 2011,2022,Aucune,Aucune photo distincte compatible disponible dans la proposition sans réutilisation. Les données existantes restent inchangées.,
SANS_PHOTO_UNIQUE,,,,buses,150006,Mercedes-Benz / Setra,Neoplan Tourliner,Neoplan Tourliner C Euro VI - Édition 2021,2024,Aucune,Aucune photo distincte compatible disponible dans la proposition sans réutilisation. Les données existantes restent inchangées.,
SANS_PHOTO_UNIQUE,,,,buses,150036,Mercedes-Benz / Setra,Neoplan Tourliner,Neoplan Tourliner C Euro VI - Édition 1991,2024,Aucune,Aucune photo distincte compatible disponible dans la proposition sans réutilisation. Les données existantes restent inchangées.,
SANS_PHOTO_UNIQUE,,,,buses,150007,Mercedes-Benz / Setra,Scania Interlink,Scania Interlink HD Euro VI - Édition 2020,2019,Aucune,Aucune photo distincte compatible disponible dans la proposition sans réutilisation. Les données existantes restent inchangées.,
SANS_PHOTO_UNIQUE,,,,buses,150037,Mercedes-Benz / Setra,Scania Interlink,Scania Interlink HD Euro VI - Édition 1990,2019,Aucune,Aucune photo distincte compatible disponible dans la proposition sans réutilisation. Les données existantes restent inchangées.,
SANS_PHOTO_UNIQUE,,,,buses,150027,Mercedes-Benz / Setra,Scania Interlink,Scania Interlink HD Euro VI - Édition 2000,2021,Aucune,Aucune photo distincte compatible disponible dans la proposition sans réutilisation. Les données existantes restent inchangées.,
SANS_PHOTO_UNIQUE,,,,buses,150017,Mercedes-Benz / Setra,Scania Interlink,Scania Interlink HD Euro VI - Édition 2010,2023,Aucune,Aucune photo distincte compatible disponible dans la proposition sans réutilisation. Les données existantes restent inchangées.,
SANS_PHOTO_UNIQUE,,,,buses,150014,Mercedes-Benz / Setra,Setra S,Setra S 515 HD Euro VI - Édition 2013,2020,Aucune,Aucune photo distincte compatible disponible dans la proposition sans réutilisation. Les données existantes restent inchangées.,
SANS_PHOTO_UNIQUE,,,,buses,150004,Mercedes-Benz / Setra,Setra S,Setra S 515 HD Euro VI - Édition 2023,2022,Aucune,Aucune photo distincte compatible disponible dans la proposition sans réutilisation. Les données existantes restent inchangées.,
SANS_PHOTO_UNIQUE,,,,buses,150034,Mercedes-Benz / Setra,Setra S,Setra S 515 HD Euro VI - Édition 1993,2022,Aucune,Aucune photo distincte compatible disponible dans la proposition sans réutilisation. Les données existantes restent inchangées.,
SANS_PHOTO_UNIQUE,,,,buses,150024,Mercedes-Benz / Setra,Setra S,Setra S 515 HD Euro VI - Édition 2003,2024,Aucune,Aucune photo distincte compatible disponible dans la proposition sans réutilisation. Les données existantes restent inchangées.,
SANS_PHOTO_UNIQUE,,,,buses,150020,Mercedes-Benz / Setra,VDD Futura,VDD Futura FPD2 Euro VI - Édition 2007,2020,Aucune,Aucune photo distincte compatible disponible dans la proposition sans réutilisation. Les données existantes restent inchangées.,
SANS_PHOTO_UNIQUE,,,,buses,150010,Mercedes-Benz / Setra,VDD Futura,VDD Futura FPD2 Euro VI - Édition 2017,2022,Aucune,Aucune photo distincte compatible disponible dans la proposition sans réutilisation. Les données existantes restent inchangées.,
SANS_PHOTO_UNIQUE,,,,buses,150030,Mercedes-Benz / Setra,VDD Futura,VDD Futura FPD2 Euro VI - Édition 1997,2024,Aucune,Aucune photo distincte compatible disponible dans la proposition sans réutilisation. Les données existantes restent inchangées.,
SANS_PHOTO_UNIQUE,,,,buses,150008,Mercedes-Benz / Setra,Volvo 9700,Volvo 9700 Grand Luxe Euro VI - Édition 2019,2020,Aucune,Aucune photo distincte compatible disponible dans la proposition sans réutilisation. Les données existantes restent inchangées.,
SANS_PHOTO_UNIQUE,,,,buses,150038,Mercedes-Benz / Setra,Volvo 9700,Volvo 9700 Grand Luxe Euro VI - Édition 1989,2020,Aucune,Aucune photo distincte compatible disponible dans la proposition sans réutilisation. Les données existantes restent inchangées.,
SANS_PHOTO_UNIQUE,,,,buses,150028,Mercedes-Benz / Setra,Volvo 9700,Volvo 9700 Grand Luxe Euro VI - Édition 1999,2022,Aucune,Aucune photo distincte compatible disponible dans la proposition sans réutilisation. Les données existantes restent inchangées.,
SANS_PHOTO_UNIQUE,,,,buses,150018,Mercedes-Benz / Setra,Volvo 9700,Volvo 9700 Grand Luxe Euro VI - Édition 2009,2024,Aucune,Aucune photo distincte compatible disponible dans la proposition sans réutilisation. Les données existantes restent inchangées.,
SANS_PHOTO_UNIQUE,,,,buses,60097,Setra,Lion's Coach R08,Lion's Coach R08 Edition 58,2020,Aucune,Aucune photo distincte compatible disponible dans la proposition sans réutilisation. Les données existantes restent inchangées.,
SANS_PHOTO_UNIQUE,,,,buses,30018,Setra,S 515 HD,ComfortClass Tourbus,2021,Aucune,Aucune photo distincte compatible disponible dans la proposition sans réutilisation. Les données existantes restent inchangées.,
SANS_PHOTO_UNIQUE,,,,buses,60169,Setra,Tourismo M,Tourismo M Export Line 28,2018,Aucune,Aucune photo distincte compatible disponible dans la proposition sans réutilisation. Les données existantes restent inchangées.,
SANS_PHOTO_UNIQUE,,,,buses,60199,Setra,Tourismo M,Tourismo M Export Line 58,2020,Aucune,Aucune photo distincte compatible disponible dans la proposition sans réutilisation. Les données existantes restent inchangées.,
SANS_PHOTO_UNIQUE,,,,buses,60229,Setra,Tourismo M,Tourismo M Export Line 88,2022,Aucune,Aucune photo distincte compatible disponible dans la proposition sans réutilisation. Les données existantes restent inchangées.,
SANS_PHOTO_UNIQUE,,,,buses,60028,Setra,Travego 15 SHD,Travego 15 SHD Edition 28,2018,Aucune,Aucune photo distincte compatible disponible dans la proposition sans réutilisation. Les données existantes restent inchangées.,
SANS_PHOTO_UNIQUE,,,,buses,60067,Setra,Travego 15 SHD,Travego 15 SHD Edition 28,2018,Aucune,Aucune photo distincte compatible disponible dans la proposition sans réutilisation. Les données existantes restent inchangées.,
SANS_PHOTO_UNIQUE,,,,buses,60127,Setra,Travego 15 SHD,Travego 15 SHD Edition 88,2022,Aucune,Aucune photo distincte compatible disponible dans la proposition sans réutilisation. Les données existantes restent inchangées.,
SANS_PHOTO_UNIQUE,,,,classics,60227,BMW,2000CS,2000CS Export Line 86,2020,Aucune,Aucune photo distincte compatible disponible dans la proposition sans réutilisation. Les données existantes restent inchangées.,
SANS_PHOTO_UNIQUE,,,,classics,60167,BMW,2000CS,2000CS Export Line 26,2023,Aucune,Aucune photo distincte compatible disponible dans la proposition sans réutilisation. Les données existantes restent inchangées.,
SANS_PHOTO_UNIQUE,,,,classics,60207,BMW,300SL Gullwing,300SL Gullwing Export Line 66,2021,Aucune,Aucune photo distincte compatible disponible dans la proposition sans réutilisation. Les données existantes restent inchangées.,
SANS_PHOTO_UNIQUE,,,,classics,60147,BMW,300SL Gullwing,300SL Gullwing Export Line 6,2024,Aucune,Aucune photo distincte compatible disponible dans la proposition sans réutilisation. Les données existantes restent inchangées.,
SANS_PHOTO_UNIQUE,,,,classics,60125,BMW,911 Turbo 3.3,911 Turbo 3.3 Edition 86,2020,Aucune,Aucune photo distincte compatible disponible dans la proposition sans réutilisation. Les données existantes restent inchangées.,
SANS_PHOTO_UNIQUE,,,,classics,60105,BMW,911 Turbo 3.3,911 Turbo 3.3 Edition 66,2021,Aucune,Aucune photo distincte compatible disponible dans la proposition sans réutilisation. Les données existantes restent inchangées.,
SANS_PHOTO_UNIQUE,,,,classics,60085,BMW,911 Turbo 3.3,911 Turbo 3.3 Edition 46,2022,Aucune,Aucune photo distincte compatible disponible dans la proposition sans réutilisation. Les données existantes restent inchangées.,
SANS_PHOTO_UNIQUE,,,,classics,60187,BMW,911 Turbo 3.3,911 Turbo 3.3 Export Line 46,2022,Aucune,Aucune photo distincte compatible disponible dans la proposition sans réutilisation. Les données existantes restent inchangées.,
SANS_PHOTO_UNIQUE,,,,classics,60026,BMW,911 Turbo 3.3,911 Turbo 3.3 Edition 26,2023,Aucune,Aucune photo distincte compatible disponible dans la proposition sans réutilisation. Les données existantes restent inchangées.,
SANS_PHOTO_UNIQUE,,,,classics,60065,BMW,911 Turbo 3.3,911 Turbo 3.3 Edition 26,2023,Aucune,Aucune photo distincte compatible disponible dans la proposition sans réutilisation. Les données existantes restent inchangées.,
SANS_PHOTO_UNIQUE,,,,classics,60006,BMW,911 Turbo 3.3,911 Turbo 3.3 Edition 6,2024,Aucune,Aucune photo distincte compatible disponible dans la proposition sans réutilisation. Les données existantes restent inchangées.,
SANS_PHOTO_UNIQUE,,,,classics,60045,BMW,911 Turbo 3.3,911 Turbo 3.3 Edition 6,2024,Aucune,Aucune photo distincte compatible disponible dans la proposition sans réutilisation. Les données existantes restent inchangées.,
SANS_PHOTO_UNIQUE,,,,classics,60197,Mercedes-Benz,2000CS,2000CS Export Line 56,2018,Aucune,Aucune photo distincte compatible disponible dans la proposition sans réutilisation. Les données existantes restent inchangées.,
SANS_PHOTO_UNIQUE,,,,classics,60177,Mercedes-Benz,300SL Gullwing,300SL Gullwing Export Line 36,2019,Aucune,Aucune photo distincte compatible disponible dans la proposition sans réutilisation. Les données existantes restent inchangées.,
SANS_PHOTO_UNIQUE,,,,classics,60095,Mercedes-Benz,911 Turbo 3.3,911 Turbo 3.3 Edition 56,2018,Aucune,Aucune photo distincte compatible disponible dans la proposition sans réutilisation. Les données existantes restent inchangées.,
SANS_PHOTO_UNIQUE,,,,classics,60036,Mercedes-Benz,911 Turbo 3.3,911 Turbo 3.3 Edition 36,2019,Aucune,Aucune photo distincte compatible disponible dans la proposition sans réutilisation. Les données existantes restent inchangées.,
SANS_PHOTO_UNIQUE,,,,classics,60075,Mercedes-Benz,911 Turbo 3.3,911 Turbo 3.3 Edition 36,2019,Aucune,Aucune photo distincte compatible disponible dans la proposition sans réutilisation. Les données existantes restent inchangées.,
SANS_PHOTO_UNIQUE,,,,classics,60016,Mercedes-Benz,911 Turbo 3.3,911 Turbo 3.3 Edition 16,2020,Aucune,Aucune photo distincte compatible disponible dans la proposition sans réutilisation. Les données existantes restent inchangées.,
SANS_PHOTO_UNIQUE,,,,classics,60055,Mercedes-Benz,911 Turbo 3.3,911 Turbo 3.3 Edition 16,2020,Aucune,Aucune photo distincte compatible disponible dans la proposition sans réutilisation. Les données existantes restent inchangées.,
SANS_PHOTO_UNIQUE,,,,classics,60157,Mercedes-Benz,911 Turbo 3.3,911 Turbo 3.3 Export Line 16,2020,Aucune,Aucune photo distincte compatible disponible dans la proposition sans réutilisation. Les données existantes restent inchangées.,
SANS_PHOTO_UNIQUE,,,,classics,60135,Mercedes-Benz,911 Turbo 3.3,911 Turbo 3.3 Edition 96,2023,Aucune,Aucune photo distincte compatible disponible dans la proposition sans réutilisation. Les données existantes restent inchangées.,
SANS_PHOTO_UNIQUE,,,,classics,60115,Mercedes-Benz,911 Turbo 3.3,911 Turbo 3.3 Edition 76,2024,Aucune,Aucune photo distincte compatible disponible dans la proposition sans réutilisation. Les données existantes restent inchangées.,
SANS_PHOTO_UNIQUE,,,,classics,60217,Mercedes-Benz,911 Turbo 3.3,911 Turbo 3.3 Export Line 76,2024,Aucune,Aucune photo distincte compatible disponible dans la proposition sans réutilisation. Les données existantes restent inchangées.,
SANS_PHOTO_UNIQUE,,,,classics,30014,Mercedes-Benz,SL 500,R129 Roadster,1996,Aucune,Aucune photo distincte compatible disponible dans la proposition sans réutilisation. Les données existantes restent inchangées.,
SANS_PHOTO_UNIQUE,,,,minibuses,60150,Mercedes-Benz,Crafter Transfer,Crafter Transfer Export Line 9,2020,Aucune,Aucune photo distincte compatible disponible dans la proposition sans réutilisation. Les données existantes restent inchangées.,
SANS_PHOTO_UNIQUE,,,,minibuses,60180,Mercedes-Benz,Crafter Transfer,Crafter Transfer Export Line 39,2022,Aucune,Aucune photo distincte compatible disponible dans la proposition sans réutilisation. Les données existantes restent inchangées.,
SANS_PHOTO_UNIQUE,,,,minibuses,60108,Mercedes-Benz,Crafter Transfer,Crafter Transfer Edition 69,2024,Aucune,Aucune photo distincte compatible disponible dans la proposition sans réutilisation. Les données existantes restent inchangées.,
SANS_PHOTO_UNIQUE,,,,minibuses,60210,Mercedes-Benz,Crafter Transfer,Crafter Transfer Export Line 69,2024,Aucune,Aucune photo distincte compatible disponible dans la proposition sans réutilisation. Les données existantes restent inchangées.,
SANS_PHOTO_UNIQUE,,,,minibuses,30019,Mercedes-Benz,Sprinter Transfer 45,Minibus 22+1 places,2022,Aucune,Aucune photo distincte compatible disponible dans la proposition sans réutilisation. Les données existantes restent inchangées.,
SANS_PHOTO_UNIQUE,,,,minibuses,60138,Mercedes-Benz,V-Class VIP,V-Class VIP Edition 99,2019,Aucune,Aucune photo distincte compatible disponible dans la proposition sans réutilisation. Les données existantes restent inchangées.,
SANS_PHOTO_UNIQUE,,,,minibuses,60039,Mercedes-Benz,V-Class VIP,V-Class VIP Edition 39,2022,Aucune,Aucune photo distincte compatible disponible dans la proposition sans réutilisation. Les données existantes restent inchangées.,
SANS_PHOTO_UNIQUE,,,,minibuses,60078,Mercedes-Benz,V-Class VIP,V-Class VIP Edition 39,2022,Aucune,Aucune photo distincte compatible disponible dans la proposition sans réutilisation. Les données existantes restent inchangées.,
SANS_PHOTO_UNIQUE,,,,minibuses,30020,Volkswagen,Crafter Minibus,Spaceliner VIP 16+1,2024,Aucune,Aucune photo distincte compatible disponible dans la proposition sans réutilisation. Les données existantes restent inchangées.,
SANS_PHOTO_UNIQUE,,,,minibuses,60088,Volkswagen,Crafter Transfer,Crafter Transfer Edition 49,2018,Aucune,Aucune photo distincte compatible disponible dans la proposition sans réutilisation. Les données existantes restent inchangées.,
SANS_PHOTO_UNIQUE,,,,minibuses,60190,Volkswagen,Crafter Transfer,Crafter Transfer Export Line 49,2018,Aucune,Aucune photo distincte compatible disponible dans la proposition sans réutilisation. Les données existantes restent inchangées.,
SANS_PHOTO_UNIQUE,,,,minibuses,60220,Volkswagen,Crafter Transfer,Crafter Transfer Export Line 79,2020,Aucune,Aucune photo distincte compatible disponible dans la proposition sans réutilisation. Les données existantes restent inchangées.,
SANS_PHOTO_UNIQUE,,,,minibuses,60160,Volkswagen,Crafter Transfer,Crafter Transfer Export Line 19,2023,Aucune,Aucune photo distincte compatible disponible dans la proposition sans réutilisation. Les données existantes restent inchangées.,
SANS_PHOTO_UNIQUE,,,,minibuses,60118,Volkswagen,V-Class VIP,V-Class VIP Edition 79,2020,Aucune,Aucune photo distincte compatible disponible dans la proposition sans réutilisation. Les données existantes restent inchangées.,
SANS_PHOTO_UNIQUE,,,,minibuses,60019,Volkswagen,V-Class VIP,V-Class VIP Edition 19,2023,Aucune,Aucune photo distincte compatible disponible dans la proposition sans réutilisation. Les données existantes restent inchangées.,
SANS_PHOTO_UNIQUE,,,,minibuses,60058,Volkswagen,V-Class VIP,V-Class VIP Edition 19,2023,Aucune,Aucune photo distincte compatible disponible dans la proposition sans réutilisation. Les données existantes restent inchangées.,
SANS_PHOTO_UNIQUE,,,,trucks,60056,MAN,TGX 18.510,TGX 18.510 Edition 17,2021,Aucune,Aucune photo distincte compatible disponible dans la proposition sans réutilisation. Les données existantes restent inchangées.,
SANS_PHOTO_UNIQUE,,,,trucks,60136,MAN,TGX 18.510,TGX 18.510 Edition 97,2024,Aucune,Aucune photo distincte compatible disponible dans la proposition sans réutilisation. Les données existantes restent inchangées.,
SANS_PHOTO_UNIQUE,,,,trucks,240024,Mercedes-Benz,Actros 1853 L,À confirmer,2023,Aucune,Aucune photo distincte compatible disponible dans la proposition sans réutilisation. Les données existantes restent inchangées.,
SANS_PHOTO_UNIQUE,,,,trucks,30015,Mercedes-Benz,Atego 1224,Box Truck + Tail Lift,2020,Aucune,Aucune photo distincte compatible disponible dans la proposition sans réutilisation. Les données existantes restent inchangées.,
SANS_PHOTO_UNIQUE,,,,trucks,240025,Renault,T High Turbo Compound,À confirmer,2023,Aucune,Aucune photo distincte compatible disponible dans la proposition sans réutilisation. Les données existantes restent inchangées.,
SANS_PHOTO_UNIQUE,,,,trucks,240027,Renault,T480 Sleeper,À confirmer,2023,Aucune,Aucune photo distincte compatible disponible dans la proposition sans réutilisation. Les données existantes restent inchangées.,
SANS_PHOTO_UNIQUE,,,,trucks,240023,Scania,R770 V8,À confirmer,2023,Aucune,Aucune photo distincte compatible disponible dans la proposition sans réutilisation. Les données existantes restent inchangées.,
SANS_PHOTO_UNIQUE,,,,trucks,240022,Scania,S660 Highline,À confirmer,2023,Aucune,Aucune photo distincte compatible disponible dans la proposition sans réutilisation. Les données existantes restent inchangées.,
SANS_PHOTO_UNIQUE,,,,trucks,60228,Volvo,Actros 1845 LS,Actros 1845 LS Export Line 87,2021,Aucune,Aucune photo distincte compatible disponible dans la proposition sans réutilisation. Les données existantes restent inchangées.,
SANS_PHOTO_UNIQUE,,,,trucks,60168,Volvo,Actros 1845 LS,Actros 1845 LS Export Line 27,2024,Aucune,Aucune photo distincte compatible disponible dans la proposition sans réutilisation. Les données existantes restent inchangées.,
SANS_PHOTO_UNIQUE,,,,trucks,60007,Volvo,Antos 1832,Antos 1832 Edition 7,2018,Aucune,Aucune photo distincte compatible disponible dans la proposition sans réutilisation. Les données existantes restent inchangées.,
SANS_PHOTO_UNIQUE,,,,trucks,60046,Volvo,Antos 1832,Antos 1832 Edition 7,2018,Aucune,Aucune photo distincte compatible disponible dans la proposition sans réutilisation. Les données existantes restent inchangées.,
SANS_PHOTO_UNIQUE,,,,trucks,60126,Volvo,Antos 1832,Antos 1832 Edition 87,2021,Aucune,Aucune photo distincte compatible disponible dans la proposition sans réutilisation. Les données existantes restent inchangées.,
SANS_PHOTO_UNIQUE,,,,trucks,60106,Volvo,Antos 1832,Antos 1832 Edition 67,2022,Aucune,Aucune photo distincte compatible disponible dans la proposition sans réutilisation. Les données existantes restent inchangées.,
SANS_PHOTO_UNIQUE,,,,trucks,60086,Volvo,Antos 1832,Antos 1832 Edition 47,2023,Aucune,Aucune photo distincte compatible disponible dans la proposition sans réutilisation. Les données existantes restent inchangées.,
SANS_PHOTO_UNIQUE,,,,trucks,60027,Volvo,Antos 1832,Antos 1832 Edition 27,2024,Aucune,Aucune photo distincte compatible disponible dans la proposition sans réutilisation. Les données existantes restent inchangées.,
SANS_PHOTO_UNIQUE,,,,trucks,60066,Volvo,Antos 1832,Antos 1832 Edition 27,2024,Aucune,Aucune photo distincte compatible disponible dans la proposition sans réutilisation. Les données existantes restent inchangées.,
SANS_PHOTO_UNIQUE,,,,trucks,60188,Volvo,Arocs 3342,Arocs 3342 Export Line 47,2023,Aucune,Aucune photo distincte compatible disponible dans la proposition sans réutilisation. Les données existantes restent inchangées.,
SANS_PHOTO_UNIQUE,,,,trucks,240026,Volvo,FH Globetrotter,À confirmer,2023,Aucune,Aucune photo distincte compatible disponible dans la proposition sans réutilisation. Les données existantes restent inchangées.,
SANS_PHOTO_UNIQUE,,,,trucks,240020,Volvo,FH16 750,À confirmer,2023,Aucune,Aucune photo distincte compatible disponible dans la proposition sans réutilisation. Les données existantes restent inchangées.,
SANS_PHOTO_UNIQUE,,,,trucks,240028,Volvo,FH16 Aero,À confirmer,2023,Aucune,Aucune photo distincte compatible disponible dans la proposition sans réutilisation. Les données existantes restent inchangées.,
SANS_PHOTO_UNIQUE,,,,trucks,240021,Volvo,FMX 540 Dumper,À confirmer,2023,Aucune,Aucune photo distincte compatible disponible dans la proposition sans réutilisation. Les données existantes restent inchangées.,
SANS_PHOTO_UNIQUE,,,,trucks,60148,Volvo,TGX 18.510,TGX 18.510 Export Line 7,2018,Aucune,Aucune photo distincte compatible disponible dans la proposition sans réutilisation. Les données existantes restent inchangées.,
SANS_PHOTO_UNIQUE,,,,trucks,60208,Volvo,TGX 18.510,TGX 18.510 Export Line 67,2022,Aucune,Aucune photo distincte compatible disponible dans la proposition sans réutilisation. Les données existantes restent inchangées.,
SANS_PHOTO_UNIQUE,,,,vans,60215,MAN,TGE 3.140,TGE 3.140 Export Line 74,2022,Aucune,Aucune photo distincte compatible disponible dans la proposition sans réutilisation. Les données existantes restent inchangées.,
SANS_PHOTO_UNIQUE,,,,vans,60014,MAN,Transporter T6.1,Transporter T6.1 Edition 14,2018,Aucune,Aucune photo distincte compatible disponible dans la proposition sans réutilisation. Les données existantes restent inchangées.,
SANS_PHOTO_UNIQUE,,,,vans,60053,MAN,Transporter T6.1,Transporter T6.1 Edition 14,2018,Aucune,Aucune photo distincte compatible disponible dans la proposition sans réutilisation. Les données existantes restent inchangées.,
SANS_PHOTO_UNIQUE,,,,vans,60083,MAN,Transporter T6.1,Transporter T6.1 Edition 44,2020,Aucune,Aucune photo distincte compatible disponible dans la proposition sans réutilisation. Les données existantes restent inchangées.,
SANS_PHOTO_UNIQUE,,,,vans,60113,MAN,Transporter T6.1,Transporter T6.1 Edition 74,2022,Aucune,Aucune photo distincte compatible disponible dans la proposition sans réutilisation. Les données existantes restent inchangées.,
SANS_PHOTO_UNIQUE,,,,vans,60225,Mercedes-Benz,Sprinter 316 CDI,Sprinter 316 CDI Export Line 84,2018,Aucune,Aucune photo distincte compatible disponible dans la proposition sans réutilisation. Les données existantes restent inchangées.,
SANS_PHOTO_UNIQUE,,,,vans,60165,Mercedes-Benz,Sprinter 316 CDI,Sprinter 316 CDI Export Line 24,2021,Aucune,Aucune photo distincte compatible disponible dans la proposition sans réutilisation. Les données existantes restent inchangées.,
SANS_PHOTO_UNIQUE,,,,vans,60195,Mercedes-Benz,Sprinter 316 CDI,Sprinter 316 CDI Export Line 54,2023,Aucune,Aucune photo distincte compatible disponible dans la proposition sans réutilisation. Les données existantes restent inchangées.,
SANS_PHOTO_UNIQUE,,,,vans,30011,Mercedes-Benz,Sprinter 319,CDI L3H2 Panel Van,2022,Aucune,Aucune photo distincte compatible disponible dans la proposition sans réutilisation. Les données existantes restent inchangées.,
SANS_PHOTO_UNIQUE,,,,vans,60123,Mercedes-Benz,Transporter T6.1,Transporter T6.1 Edition 84,2018,Aucune,Aucune photo distincte compatible disponible dans la proposition sans réutilisation. Les données existantes restent inchangées.,
SANS_PHOTO_UNIQUE,,,,vans,60024,Mercedes-Benz,Transporter T6.1,Transporter T6.1 Edition 24,2021,Aucune,Aucune photo distincte compatible disponible dans la proposition sans réutilisation. Les données existantes restent inchangées.,
SANS_PHOTO_UNIQUE,,,,vans,60063,Mercedes-Benz,Transporter T6.1,Transporter T6.1 Edition 24,2021,Aucune,Aucune photo distincte compatible disponible dans la proposition sans réutilisation. Les données existantes restent inchangées.,
SANS_PHOTO_UNIQUE,,,,vans,60093,Mercedes-Benz,Transporter T6.1,Transporter T6.1 Edition 54,2023,Aucune,Aucune photo distincte compatible disponible dans la proposition sans réutilisation. Les données existantes restent inchangées.,
SANS_PHOTO_UNIQUE,,,,vans,60205,Volkswagen,Crafter 35,Crafter 35 Export Line 64,2019,Aucune,Aucune photo distincte compatible disponible dans la proposition sans réutilisation. Les données existantes restent inchangées.,
SANS_PHOTO_UNIQUE,,,,vans,60235,Volkswagen,Crafter 35,Crafter 35 Export Line 94,2021,Aucune,Aucune photo distincte compatible disponible dans la proposition sans réutilisation. Les données existantes restent inchangées.,
SANS_PHOTO_UNIQUE,,,,vans,60145,Volkswagen,Crafter 35,Crafter 35 Export Line 4,2022,Aucune,Aucune photo distincte compatible disponible dans la proposition sans réutilisation. Les données existantes restent inchangées.,
SANS_PHOTO_UNIQUE,,,,vans,60175,Volkswagen,Crafter 35,Crafter 35 Export Line 34,2024,Aucune,Aucune photo distincte compatible disponible dans la proposition sans réutilisation. Les données existantes restent inchangées.,
SANS_PHOTO_UNIQUE,,,,vans,60103,Volkswagen,Transporter T6.1,Transporter T6.1 Edition 64,2019,Aucune,Aucune photo distincte compatible disponible dans la proposition sans réutilisation. Les données existantes restent inchangées.,
SANS_PHOTO_UNIQUE,,,,vans,30010,Volkswagen,Transporter T6.1,2.0 TDI Panel Van,2021,Aucune,Aucune photo distincte compatible disponible dans la proposition sans réutilisation. Les données existantes restent inchangées.,
SANS_PHOTO_UNIQUE,,,,vans,60133,Volkswagen,Transporter T6.1,Transporter T6.1 Edition 94,2021,Aucune,Aucune photo distincte compatible disponible dans la proposition sans réutilisation. Les données existantes restent inchangées.,
SANS_PHOTO_UNIQUE,,,,vans,60004,Volkswagen,Transporter T6.1,Transporter T6.1 Edition 4,2022,Aucune,Aucune photo distincte compatible disponible dans la proposition sans réutilisation. Les données existantes restent inchangées.,
SANS_PHOTO_UNIQUE,,,,vans,60043,Volkswagen,Transporter T6.1,Transporter T6.1 Edition 4,2022,Aucune,Aucune photo distincte compatible disponible dans la proposition sans réutilisation. Les données existantes restent inchangées.,
SANS_PHOTO_UNIQUE,,,,vans,60034,Volkswagen,Transporter T6.1,Transporter T6.1 Edition 34,2024,Aucune,Aucune photo distincte compatible disponible dans la proposition sans réutilisation. Les données existantes restent inchangées.,
SANS_PHOTO_UNIQUE,,,,vans,60073,Volkswagen,Transporter T6.1,Transporter T6.1 Edition 34,2024,Aucune,Aucune photo distincte compatible disponible dans la proposition sans réutilisation. Les données existantes restent inchangées.,
