vehicle_id,brand,model,year,category,required_photo_type,status
60020,John Deere,8R 410,2024,Tracteurs agricoles,"Photo d’un tracteur agricole correspondant à la marque et au modèle ; cabine, pneus, équipement et vue trois-quarts.",UNASSIGNED_NON_DESTRUCTIVE
60059,John Deere,8R 410,2024,Tracteurs agricoles,"Photo d’un tracteur agricole correspondant à la marque et au modèle ; cabine, pneus, équipement et vue trois-quarts.",UNASSIGNED_NON_DESTRUCTIVE
60181,John Deere,933 Vario ProfiPlus,2023,Tracteurs agricoles,"Photo d’un tracteur agricole correspondant à la marque et au modèle ; cabine, pneus, équipement et vue trois-quarts.",UNASSIGNED_NON_DESTRUCTIVE
60221,John Deere,Axion 870,2021,Tracteurs agricoles,"Photo d’un tracteur agricole correspondant à la marque et au modèle ; cabine, pneus, équipement et vue trois-quarts.",UNASSIGNED_NON_DESTRUCTIVE
60161,John Deere,Axion 870,2024,Tracteurs agricoles,"Photo d’un tracteur agricole correspondant à la marque et au modèle ; cabine, pneus, équipement et vue trois-quarts.",UNASSIGNED_NON_DESTRUCTIVE
240017,Branson,F50RN,2023,Machines agricoles / chantier,"Photo de la même machine agricole ou de chantier, avec l’équipement et la configuration correspondants.",UNASSIGNED_NON_DESTRUCTIVE
240005,Case IH,Optum 300,2023,Machines agricoles / chantier,"Photo de la même machine agricole ou de chantier, avec l’équipement et la configuration correspondants.",UNASSIGNED_NON_DESTRUCTIVE
240003,Claas,Axion 870,2023,Machines agricoles / chantier,"Photo de la même machine agricole ou de chantier, avec l’équipement et la configuration correspondants.",UNASSIGNED_NON_DESTRUCTIVE
240006,Deutz-Fahr,Agrotron 9340,2023,Machines agricoles / chantier,"Photo de la même machine agricole ou de chantier, avec l’équipement et la configuration correspondants.",UNASSIGNED_NON_DESTRUCTIVE
240001,Fendt,Vario 942,2023,Machines agricoles / chantier,"Photo de la même machine agricole ou de chantier, avec l’équipement et la configuration correspondants.",UNASSIGNED_NON_DESTRUCTIVE
240007,JCB,Fastrac 8330,2023,Machines agricoles / chantier,"Photo de la même machine agricole ou de chantier, avec l’équipement et la configuration correspondants.",UNASSIGNED_NON_DESTRUCTIVE
240002,John Deere,8R 410,2023,Machines agricoles / chantier,"Photo de la même machine agricole ou de chantier, avec l’équipement et la configuration correspondants.",UNASSIGNED_NON_DESTRUCTIVE
240018,Kioti,RX7320,2023,Machines agricoles / chantier,"Photo de la même machine agricole ou de chantier, avec l’équipement et la configuration correspondants.",UNASSIGNED_NON_DESTRUCTIVE
240011,Kubota,M7173,2023,Machines agricoles / chantier,"Photo de la même machine agricole ou de chantier, avec l’équipement et la configuration correspondants.",UNASSIGNED_NON_DESTRUCTIVE
240014,Lamborghini,Spire 100,2023,Machines agricoles / chantier,"Photo de la même machine agricole ou de chantier, avec l’équipement et la configuration correspondants.",UNASSIGNED_NON_DESTRUCTIVE
240012,Landini,Rex 4-120,2023,Machines agricoles / chantier,"Photo de la même machine agricole ou de chantier, avec l’équipement et la configuration correspondants.",UNASSIGNED_NON_DESTRUCTIVE
240009,Massey Ferguson,8S.305,2023,Machines agricoles / chantier,"Photo de la même machine agricole ou de chantier, avec l’équipement et la configuration correspondants.",UNASSIGNED_NON_DESTRUCTIVE
240010,McCormick,X8.680,2023,Machines agricoles / chantier,"Photo de la même machine agricole ou de chantier, avec l’équipement et la configuration correspondants.",UNASSIGNED_NON_DESTRUCTIVE
240004,New Holland,T7.315,2023,Machines agricoles / chantier,"Photo de la même machine agricole ou de chantier, avec l’équipement et la configuration correspondants.",UNASSIGNED_NON_DESTRUCTIVE
240013,Same,Virtus 140,2023,Machines agricoles / chantier,"Photo de la même machine agricole ou de chantier, avec l’équipement et la configuration correspondants.",UNASSIGNED_NON_DESTRUCTIVE
240019,Solis,90 N,2023,Machines agricoles / chantier,"Photo de la même machine agricole ou de chantier, avec l’équipement et la configuration correspondants.",UNASSIGNED_NON_DESTRUCTIVE
240016,Steyr,Terrus 6300,2023,Machines agricoles / chantier,"Photo de la même machine agricole ou de chantier, avec l’équipement et la configuration correspondants.",UNASSIGNED_NON_DESTRUCTIVE
240008,Valtra,S416,2023,Machines agricoles / chantier,"Photo de la même machine agricole ou de chantier, avec l’équipement et la configuration correspondants.",UNASSIGNED_NON_DESTRUCTIVE
240015,Zetor,Forterra 150,2023,Machines agricoles / chantier,"Photo de la même machine agricole ou de chantier, avec l’équipement et la configuration correspondants.",UNASSIGNED_NON_DESTRUCTIVE
150023,Mercedes-Benz / Setra,Mercedes-Benz Intouro,2023,Bus / autocars,"Photo d’un bus ou autocar de la même marque et du même modèle ; extérieur principal, arrière et intérieur passagers si disponible.",UNASSIGNED_NON_DESTRUCTIVE
150001,Mercedes-Benz / Setra,Mercedes-Benz Tourismo,2019,Bus / autocars,"Photo d’un bus ou autocar de la même marque et du même modèle ; extérieur principal, arrière et intérieur passagers si disponible.",UNASSIGNED_NON_DESTRUCTIVE
150031,Mercedes-Benz / Setra,Mercedes-Benz Tourismo,2019,Bus / autocars,"Photo d’un bus ou autocar de la même marque et du même modèle ; extérieur principal, arrière et intérieur passagers si disponible.",UNASSIGNED_NON_DESTRUCTIVE
150021,Mercedes-Benz / Setra,Mercedes-Benz Tourismo,2021,Bus / autocars,"Photo d’un bus ou autocar de la même marque et du même modèle ; extérieur principal, arrière et intérieur passagers si disponible.",UNASSIGNED_NON_DESTRUCTIVE
150011,Mercedes-Benz / Setra,Mercedes-Benz Tourismo,2023,Bus / autocars,"Photo d’un bus ou autocar de la même marque et du même modèle ; extérieur principal, arrière et intérieur passagers si disponible.",UNASSIGNED_NON_DESTRUCTIVE
150026,Mercedes-Benz / Setra,Neoplan Tourliner,2020,Bus / autocars,"Photo d’un bus ou autocar de la même marque et du même modèle ; extérieur principal, arrière et intérieur passagers si disponible.",UNASSIGNED_NON_DESTRUCTIVE
150016,Mercedes-Benz / Setra,Neoplan Tourliner,2022,Bus / autocars,"Photo d’un bus ou autocar de la même marque et du même modèle ; extérieur principal, arrière et intérieur passagers si disponible.",UNASSIGNED_NON_DESTRUCTIVE
150006,Mercedes-Benz / Setra,Neoplan Tourliner,2024,Bus / autocars,"Photo d’un bus ou autocar de la même marque et du même modèle ; extérieur principal, arrière et intérieur passagers si disponible.",UNASSIGNED_NON_DESTRUCTIVE
150036,Mercedes-Benz / Setra,Neoplan Tourliner,2024,Bus / autocars,"Photo d’un bus ou autocar de la même marque et du même modèle ; extérieur principal, arrière et intérieur passagers si disponible.",UNASSIGNED_NON_DESTRUCTIVE
150007,Mercedes-Benz / Setra,Scania Interlink,2019,Bus / autocars,"Photo d’un bus ou autocar de la même marque et du même modèle ; extérieur principal, arrière et intérieur passagers si disponible.",UNASSIGNED_NON_DESTRUCTIVE
150037,Mercedes-Benz / Setra,Scania Interlink,2019,Bus / autocars,"Photo d’un bus ou autocar de la même marque et du même modèle ; extérieur principal, arrière et intérieur passagers si disponible.",UNASSIGNED_NON_DESTRUCTIVE
150027,Mercedes-Benz / Setra,Scania Interlink,2021,Bus / autocars,"Photo d’un bus ou autocar de la même marque et du même modèle ; extérieur principal, arrière et intérieur passagers si disponible.",UNASSIGNED_NON_DESTRUCTIVE
150017,Mercedes-Benz / Setra,Scania Interlink,2023,Bus / autocars,"Photo d’un bus ou autocar de la même marque et du même modèle ; extérieur principal, arrière et intérieur passagers si disponible.",UNASSIGNED_NON_DESTRUCTIVE
150014,Mercedes-Benz / Setra,Setra S,2020,Bus / autocars,"Photo d’un bus ou autocar de la même marque et du même modèle ; extérieur principal, arrière et intérieur passagers si disponible.",UNASSIGNED_NON_DESTRUCTIVE
150004,Mercedes-Benz / Setra,Setra S,2022,Bus / autocars,"Photo d’un bus ou autocar de la même marque et du même modèle ; extérieur principal, arrière et intérieur passagers si disponible.",UNASSIGNED_NON_DESTRUCTIVE
150034,Mercedes-Benz / Setra,Setra S,2022,Bus / autocars,"Photo d’un bus ou autocar de la même marque et du même modèle ; extérieur principal, arrière et intérieur passagers si disponible.",UNASSIGNED_NON_DESTRUCTIVE
150024,Mercedes-Benz / Setra,Setra S,2024,Bus / autocars,"Photo d’un bus ou autocar de la même marque et du même modèle ; extérieur principal, arrière et intérieur passagers si disponible.",UNASSIGNED_NON_DESTRUCTIVE
150020,Mercedes-Benz / Setra,VDD Futura,2020,Bus / autocars,"Photo d’un bus ou autocar de la même marque et du même modèle ; extérieur principal, arrière et intérieur passagers si disponible.",UNASSIGNED_NON_DESTRUCTIVE
150010,Mercedes-Benz / Setra,VDD Futura,2022,Bus / autocars,"Photo d’un bus ou autocar de la même marque et du même modèle ; extérieur principal, arrière et intérieur passagers si disponible.",UNASSIGNED_NON_DESTRUCTIVE
150030,Mercedes-Benz / Setra,VDD Futura,2024,Bus / autocars,"Photo d’un bus ou autocar de la même marque et du même modèle ; extérieur principal, arrière et intérieur passagers si disponible.",UNASSIGNED_NON_DESTRUCTIVE
150008,Mercedes-Benz / Setra,Volvo 9700,2020,Bus / autocars,"Photo d’un bus ou autocar de la même marque et du même modèle ; extérieur principal, arrière et intérieur passagers si disponible.",UNASSIGNED_NON_DESTRUCTIVE
150038,Mercedes-Benz / Setra,Volvo 9700,2020,Bus / autocars,"Photo d’un bus ou autocar de la même marque et du même modèle ; extérieur principal, arrière et intérieur passagers si disponible.",UNASSIGNED_NON_DESTRUCTIVE
150028,Mercedes-Benz / Setra,Volvo 9700,2022,Bus / autocars,"Photo d’un bus ou autocar de la même marque et du même modèle ; extérieur principal, arrière et intérieur passagers si disponible.",UNASSIGNED_NON_DESTRUCTIVE
150018,Mercedes-Benz / Setra,Volvo 9700,2024,Bus / autocars,"Photo d’un bus ou autocar de la même marque et du même modèle ; extérieur principal, arrière et intérieur passagers si disponible.",UNASSIGNED_NON_DESTRUCTIVE
60097,Setra,Lion's Coach R08,2020,Bus / autocars,"Photo d’un bus ou autocar de la même marque et du même modèle ; extérieur principal, arrière et intérieur passagers si disponible.",UNASSIGNED_NON_DESTRUCTIVE
30018,Setra,S 515 HD,2021,Bus / autocars,"Photo d’un bus ou autocar de la même marque et du même modèle ; extérieur principal, arrière et intérieur passagers si disponible.",UNASSIGNED_NON_DESTRUCTIVE
60169,Setra,Tourismo M,2018,Bus / autocars,"Photo d’un bus ou autocar de la même marque et du même modèle ; extérieur principal, arrière et intérieur passagers si disponible.",UNASSIGNED_NON_DESTRUCTIVE
60199,Setra,Tourismo M,2020,Bus / autocars,"Photo d’un bus ou autocar de la même marque et du même modèle ; extérieur principal, arrière et intérieur passagers si disponible.",UNASSIGNED_NON_DESTRUCTIVE
60229,Setra,Tourismo M,2022,Bus / autocars,"Photo d’un bus ou autocar de la même marque et du même modèle ; extérieur principal, arrière et intérieur passagers si disponible.",UNASSIGNED_NON_DESTRUCTIVE
60028,Setra,Travego 15 SHD,2018,Bus / autocars,"Photo d’un bus ou autocar de la même marque et du même modèle ; extérieur principal, arrière et intérieur passagers si disponible.",UNASSIGNED_NON_DESTRUCTIVE
60067,Setra,Travego 15 SHD,2018,Bus / autocars,"Photo d’un bus ou autocar de la même marque et du même modèle ; extérieur principal, arrière et intérieur passagers si disponible.",UNASSIGNED_NON_DESTRUCTIVE
60127,Setra,Travego 15 SHD,2022,Bus / autocars,"Photo d’un bus ou autocar de la même marque et du même modèle ; extérieur principal, arrière et intérieur passagers si disponible.",UNASSIGNED_NON_DESTRUCTIVE
30003,Audi,A6 Avant,2022,Voitures,"Photo extérieure et galerie d’une voiture de la même marque, du même modèle et de la même génération ; intérieur ou détails en complément.",UNASSIGNED_NON_DESTRUCTIVE
8,Audi,Q4 e-tron,2024,Voitures,"Photo extérieure et galerie d’une voiture de la même marque, du même modèle et de la même génération ; intérieur ou détails en complément.",UNASSIGNED_NON_DESTRUCTIVE
60021,BMW,Série 3,2018,Voitures,"Photo extérieure et galerie d’une voiture de la même marque, du même modèle et de la même génération ; intérieur ou détails en complément.",UNASSIGNED_NON_DESTRUCTIVE
60060,BMW,Série 3,2018,Voitures,"Photo extérieure et galerie d’une voiture de la même marque, du même modèle et de la même génération ; intérieur ou détails en complément.",UNASSIGNED_NON_DESTRUCTIVE
60130,BMW,Série 3,2018,Voitures,"Photo extérieure et galerie d’une voiture de la même marque, du même modèle et de la même génération ; intérieur ou détails en complément.",UNASSIGNED_NON_DESTRUCTIVE
60162,BMW,Série 3,2018,Voitures,"Photo extérieure et galerie d’une voiture de la même marque, du même modèle et de la même génération ; intérieur ou détails en complément.",UNASSIGNED_NON_DESTRUCTIVE
60232,BMW,Série 3,2018,Voitures,"Photo extérieure et galerie d’une voiture de la même marque, du même modèle et de la même génération ; intérieur ou détails en complément.",UNASSIGNED_NON_DESTRUCTIVE
60001,BMW,Série 3,2019,Voitures,"Photo extérieure et galerie d’une voiture de la même marque, du même modèle et de la même génération ; intérieur ou détails en complément.",UNASSIGNED_NON_DESTRUCTIVE
60040,BMW,Série 3,2019,Voitures,"Photo extérieure et galerie d’une voiture de la même marque, du même modèle et de la même génération ; intérieur ou détails en complément.",UNASSIGNED_NON_DESTRUCTIVE
60110,BMW,Série 3,2019,Voitures,"Photo extérieure et galerie d’une voiture de la même marque, du même modèle et de la même génération ; intérieur ou détails en complément.",UNASSIGNED_NON_DESTRUCTIVE
60142,BMW,Série 3,2019,Voitures,"Photo extérieure et galerie d’une voiture de la même marque, du même modèle et de la même génération ; intérieur ou détails en complément.",UNASSIGNED_NON_DESTRUCTIVE
60212,BMW,Série 3,2019,Voitures,"Photo extérieure et galerie d’une voiture de la même marque, du même modèle et de la même génération ; intérieur ou détails en complément.",UNASSIGNED_NON_DESTRUCTIVE
60090,BMW,Série 3,2020,Voitures,"Photo extérieure et galerie d’une voiture de la même marque, du même modèle et de la même génération ; intérieur ou détails en complément.",UNASSIGNED_NON_DESTRUCTIVE
60192,BMW,Série 3,2020,Voitures,"Photo extérieure et galerie d’une voiture de la même marque, du même modèle et de la même génération ; intérieur ou détails en complément.",UNASSIGNED_NON_DESTRUCTIVE
60031,BMW,Série 3,2021,Voitures,"Photo extérieure et galerie d’une voiture de la même marque, du même modèle et de la même génération ; intérieur ou détails en complément.",UNASSIGNED_NON_DESTRUCTIVE
60070,BMW,Série 3,2021,Voitures,"Photo extérieure et galerie d’une voiture de la même marque, du même modèle et de la même génération ; intérieur ou détails en complément.",UNASSIGNED_NON_DESTRUCTIVE
60140,BMW,Série 3,2021,Voitures,"Photo extérieure et galerie d’une voiture de la même marque, du même modèle et de la même génération ; intérieur ou détails en complément.",UNASSIGNED_NON_DESTRUCTIVE
60172,BMW,Série 3,2021,Voitures,"Photo extérieure et galerie d’une voiture de la même marque, du même modèle et de la même génération ; intérieur ou détails en complément.",UNASSIGNED_NON_DESTRUCTIVE
60011,BMW,Série 3,2022,Voitures,"Photo extérieure et galerie d’une voiture de la même marque, du même modèle et de la même génération ; intérieur ou détails en complément.",UNASSIGNED_NON_DESTRUCTIVE
60050,BMW,Série 3,2022,Voitures,"Photo extérieure et galerie d’une voiture de la même marque, du même modèle et de la même génération ; intérieur ou détails en complément.",UNASSIGNED_NON_DESTRUCTIVE
60120,BMW,Série 3,2022,Voitures,"Photo extérieure et galerie d’une voiture de la même marque, du même modèle et de la même génération ; intérieur ou détails en complément.",UNASSIGNED_NON_DESTRUCTIVE
60152,BMW,Série 3,2022,Voitures,"Photo extérieure et galerie d’une voiture de la même marque, du même modèle et de la même génération ; intérieur ou détails en complément.",UNASSIGNED_NON_DESTRUCTIVE
60222,BMW,Série 3,2022,Voitures,"Photo extérieure et galerie d’une voiture de la même marque, du même modèle et de la même génération ; intérieur ou détails en complément.",UNASSIGNED_NON_DESTRUCTIVE
30002,BMW,Série 3,2023,Voitures,"Photo extérieure et galerie d’une voiture de la même marque, du même modèle et de la même génération ; intérieur ou détails en complément.",UNASSIGNED_NON_DESTRUCTIVE
60100,BMW,Série 3,2023,Voitures,"Photo extérieure et galerie d’une voiture de la même marque, du même modèle et de la même génération ; intérieur ou détails en complément.",UNASSIGNED_NON_DESTRUCTIVE
60202,BMW,Série 3,2023,Voitures,"Photo extérieure et galerie d’une voiture de la même marque, du même modèle et de la même génération ; intérieur ou détails en complément.",UNASSIGNED_NON_DESTRUCTIVE
60080,BMW,Série 3,2024,Voitures,"Photo extérieure et galerie d’une voiture de la même marque, du même modèle et de la même génération ; intérieur ou détails en complément.",UNASSIGNED_NON_DESTRUCTIVE
60182,BMW,Série 3,2024,Voitures,"Photo extérieure et galerie d’une voiture de la même marque, du même modèle et de la même génération ; intérieur ou détails en complément.",UNASSIGNED_NON_DESTRUCTIVE
6,BMW,X5 xDrive30d,2023,Voitures,"Photo extérieure et galerie d’une voiture de la même marque, du même modèle et de la même génération ; intérieur ou détails en complément.",UNASSIGNED_NON_DESTRUCTIVE
5,John Deere,5075E,2022,Voitures,"Photo extérieure et galerie d’une voiture de la même marque, du même modèle et de la même génération ; intérieur ou détails en complément.",UNASSIGNED_NON_DESTRUCTIVE
4,Mercedes-Benz,Atego 1224,2020,Voitures,"Photo extérieure et galerie d’une voiture de la même marque, du même modèle et de la même génération ; intérieur ou détails en complément.",UNASSIGNED_NON_DESTRUCTIVE
1,Mercedes-Benz,Classe C,2022,Voitures,"Photo extérieure et galerie d’une voiture de la même marque, du même modèle et de la même génération ; intérieur ou détails en complément.",UNASSIGNED_NON_DESTRUCTIVE
30001,Mercedes-Benz,Classe C,2022,Voitures,"Photo extérieure et galerie d’une voiture de la même marque, du même modèle et de la même génération ; intérieur ou détails en complément.",UNASSIGNED_NON_DESTRUCTIVE
7,Porsche,911 Carrera S,2021,Voitures,"Photo extérieure et galerie d’une voiture de la même marque, du même modèle et de la même génération ; intérieur ou détails en complément.",UNASSIGNED_NON_DESTRUCTIVE
3,Volkswagen,Transporter T6.1,2021,Voitures,"Photo extérieure et galerie d’une voiture de la même marque, du même modèle et de la même génération ; intérieur ou détails en complément.",UNASSIGNED_NON_DESTRUCTIVE
60227,BMW,2000CS,2020,Classiques / youngtimers,"Photo de la même automobile classique/youngtimer ; carrosserie, détails distinctifs, année/génération et intérieur.",UNASSIGNED_NON_DESTRUCTIVE
60167,BMW,2000CS,2023,Classiques / youngtimers,"Photo de la même automobile classique/youngtimer ; carrosserie, détails distinctifs, année/génération et intérieur.",UNASSIGNED_NON_DESTRUCTIVE
60207,BMW,300SL Gullwing,2021,Classiques / youngtimers,"Photo de la même automobile classique/youngtimer ; carrosserie, détails distinctifs, année/génération et intérieur.",UNASSIGNED_NON_DESTRUCTIVE
60147,BMW,300SL Gullwing,2024,Classiques / youngtimers,"Photo de la même automobile classique/youngtimer ; carrosserie, détails distinctifs, année/génération et intérieur.",UNASSIGNED_NON_DESTRUCTIVE
60125,BMW,911 Turbo 3.3,2020,Classiques / youngtimers,"Photo de la même automobile classique/youngtimer ; carrosserie, détails distinctifs, année/génération et intérieur.",UNASSIGNED_NON_DESTRUCTIVE
60105,BMW,911 Turbo 3.3,2021,Classiques / youngtimers,"Photo de la même automobile classique/youngtimer ; carrosserie, détails distinctifs, année/génération et intérieur.",UNASSIGNED_NON_DESTRUCTIVE
60085,BMW,911 Turbo 3.3,2022,Classiques / youngtimers,"Photo de la même automobile classique/youngtimer ; carrosserie, détails distinctifs, année/génération et intérieur.",UNASSIGNED_NON_DESTRUCTIVE
60187,BMW,911 Turbo 3.3,2022,Classiques / youngtimers,"Photo de la même automobile classique/youngtimer ; carrosserie, détails distinctifs, année/génération et intérieur.",UNASSIGNED_NON_DESTRUCTIVE
60026,BMW,911 Turbo 3.3,2023,Classiques / youngtimers,"Photo de la même automobile classique/youngtimer ; carrosserie, détails distinctifs, année/génération et intérieur.",UNASSIGNED_NON_DESTRUCTIVE
60065,BMW,911 Turbo 3.3,2023,Classiques / youngtimers,"Photo de la même automobile classique/youngtimer ; carrosserie, détails distinctifs, année/génération et intérieur.",UNASSIGNED_NON_DESTRUCTIVE
60006,BMW,911 Turbo 3.3,2024,Classiques / youngtimers,"Photo de la même automobile classique/youngtimer ; carrosserie, détails distinctifs, année/génération et intérieur.",UNASSIGNED_NON_DESTRUCTIVE
60045,BMW,911 Turbo 3.3,2024,Classiques / youngtimers,"Photo de la même automobile classique/youngtimer ; carrosserie, détails distinctifs, année/génération et intérieur.",UNASSIGNED_NON_DESTRUCTIVE
60197,Mercedes-Benz,2000CS,2018,Classiques / youngtimers,"Photo de la même automobile classique/youngtimer ; carrosserie, détails distinctifs, année/génération et intérieur.",UNASSIGNED_NON_DESTRUCTIVE
60177,Mercedes-Benz,300SL Gullwing,2019,Classiques / youngtimers,"Photo de la même automobile classique/youngtimer ; carrosserie, détails distinctifs, année/génération et intérieur.",UNASSIGNED_NON_DESTRUCTIVE
60095,Mercedes-Benz,911 Turbo 3.3,2018,Classiques / youngtimers,"Photo de la même automobile classique/youngtimer ; carrosserie, détails distinctifs, année/génération et intérieur.",UNASSIGNED_NON_DESTRUCTIVE
60036,Mercedes-Benz,911 Turbo 3.3,2019,Classiques / youngtimers,"Photo de la même automobile classique/youngtimer ; carrosserie, détails distinctifs, année/génération et intérieur.",UNASSIGNED_NON_DESTRUCTIVE
60075,Mercedes-Benz,911 Turbo 3.3,2019,Classiques / youngtimers,"Photo de la même automobile classique/youngtimer ; carrosserie, détails distinctifs, année/génération et intérieur.",UNASSIGNED_NON_DESTRUCTIVE
60016,Mercedes-Benz,911 Turbo 3.3,2020,Classiques / youngtimers,"Photo de la même automobile classique/youngtimer ; carrosserie, détails distinctifs, année/génération et intérieur.",UNASSIGNED_NON_DESTRUCTIVE
60055,Mercedes-Benz,911 Turbo 3.3,2020,Classiques / youngtimers,"Photo de la même automobile classique/youngtimer ; carrosserie, détails distinctifs, année/génération et intérieur.",UNASSIGNED_NON_DESTRUCTIVE
60157,Mercedes-Benz,911 Turbo 3.3,2020,Classiques / youngtimers,"Photo de la même automobile classique/youngtimer ; carrosserie, détails distinctifs, année/génération et intérieur.",UNASSIGNED_NON_DESTRUCTIVE
60135,Mercedes-Benz,911 Turbo 3.3,2023,Classiques / youngtimers,"Photo de la même automobile classique/youngtimer ; carrosserie, détails distinctifs, année/génération et intérieur.",UNASSIGNED_NON_DESTRUCTIVE
60115,Mercedes-Benz,911 Turbo 3.3,2024,Classiques / youngtimers,"Photo de la même automobile classique/youngtimer ; carrosserie, détails distinctifs, année/génération et intérieur.",UNASSIGNED_NON_DESTRUCTIVE
60217,Mercedes-Benz,911 Turbo 3.3,2024,Classiques / youngtimers,"Photo de la même automobile classique/youngtimer ; carrosserie, détails distinctifs, année/génération et intérieur.",UNASSIGNED_NON_DESTRUCTIVE
30014,Mercedes-Benz,SL 500,1996,Classiques / youngtimers,"Photo de la même automobile classique/youngtimer ; carrosserie, détails distinctifs, année/génération et intérieur.",UNASSIGNED_NON_DESTRUCTIVE
60082,Audi,M4 Competition,2019,Coupés / sportives,"Photo d’un coupé ou d’une sportive correspondant à la marque, au modèle et à la génération ; face avant, profil, arrière et habitacle.",UNASSIGNED_NON_DESTRUCTIVE
60023,Audi,M850i,2020,Coupés / sportives,"Photo d’un coupé ou d’une sportive correspondant à la marque, au modèle et à la génération ; face avant, profil, arrière et habitacle.",UNASSIGNED_NON_DESTRUCTIVE
60062,Audi,M850i,2020,Coupés / sportives,"Photo d’un coupé ou d’une sportive correspondant à la marque, au modèle et à la génération ; face avant, profil, arrière et habitacle.",UNASSIGNED_NON_DESTRUCTIVE
60122,Audi,M850i,2024,Coupés / sportives,"Photo d’un coupé ou d’une sportive correspondant à la marque, au modèle et à la génération ; face avant, profil, arrière et habitacle.",UNASSIGNED_NON_DESTRUCTIVE
60102,Audi,RS5 Coupé,2018,Coupés / sportives,"Photo d’un coupé ou d’une sportive correspondant à la marque, au modèle et à la génération ; face avant, profil, arrière et habitacle.",UNASSIGNED_NON_DESTRUCTIVE
60204,Audi,RS5 Coupé,2018,Coupés / sportives,"Photo d’un coupé ou d’une sportive correspondant à la marque, au modèle et à la génération ; face avant, profil, arrière et habitacle.",UNASSIGNED_NON_DESTRUCTIVE
60184,Audi,RS5 Coupé,2019,Coupés / sportives,"Photo d’un coupé ou d’une sportive correspondant à la marque, au modèle et à la génération ; face avant, profil, arrière et habitacle.",UNASSIGNED_NON_DESTRUCTIVE
60164,Audi,RS5 Coupé,2020,Coupés / sportives,"Photo d’un coupé ou d’une sportive correspondant à la marque, au modèle et à la génération ; face avant, profil, arrière et habitacle.",UNASSIGNED_NON_DESTRUCTIVE
60003,Audi,RS5 Coupé,2021,Coupés / sportives,"Photo d’un coupé ou d’une sportive correspondant à la marque, au modèle et à la génération ; face avant, profil, arrière et habitacle.",UNASSIGNED_NON_DESTRUCTIVE
60042,Audi,RS5 Coupé,2021,Coupés / sportives,"Photo d’un coupé ou d’une sportive correspondant à la marque, au modèle et à la génération ; face avant, profil, arrière et habitacle.",UNASSIGNED_NON_DESTRUCTIVE
60144,Audi,RS5 Coupé,2021,Coupés / sportives,"Photo d’un coupé ou d’une sportive correspondant à la marque, au modèle et à la génération ; face avant, profil, arrière et habitacle.",UNASSIGNED_NON_DESTRUCTIVE
180001,Audi,RS5 Coupé,2022,Coupés / sportives,"Photo d’un coupé ou d’une sportive correspondant à la marque, au modèle et à la génération ; face avant, profil, arrière et habitacle.",UNASSIGNED_NON_DESTRUCTIVE
60224,Audi,RS5 Coupé,2024,Coupés / sportives,"Photo d’un coupé ou d’une sportive correspondant à la marque, au modèle et à la génération ; face avant, profil, arrière et habitacle.",UNASSIGNED_NON_DESTRUCTIVE
60234,BMW,M4 Competition,2020,Coupés / sportives,"Photo d’un coupé ou d’une sportive correspondant à la marque, au modèle et à la génération ; face avant, profil, arrière et habitacle.",UNASSIGNED_NON_DESTRUCTIVE
60112,BMW,M4 Competition,2021,Coupés / sportives,"Photo d’un coupé ou d’une sportive correspondant à la marque, au modèle et à la génération ; face avant, profil, arrière et habitacle.",UNASSIGNED_NON_DESTRUCTIVE
60214,BMW,M4 Competition,2021,Coupés / sportives,"Photo d’un coupé ou d’une sportive correspondant à la marque, au modèle et à la génération ; face avant, profil, arrière et habitacle.",UNASSIGNED_NON_DESTRUCTIVE
60194,BMW,M4 Competition,2022,Coupés / sportives,"Photo d’un coupé ou d’une sportive correspondant à la marque, au modèle et à la génération ; face avant, profil, arrière et habitacle.",UNASSIGNED_NON_DESTRUCTIVE
30009,BMW,M4 Competition,2023,Coupés / sportives,"Photo d’un coupé ou d’une sportive correspondant à la marque, au modèle et à la génération ; face avant, profil, arrière et habitacle.",UNASSIGNED_NON_DESTRUCTIVE
60174,BMW,M4 Competition,2023,Coupés / sportives,"Photo d’un coupé ou d’une sportive correspondant à la marque, au modèle et à la génération ; face avant, profil, arrière et habitacle.",UNASSIGNED_NON_DESTRUCTIVE
60013,BMW,M4 Competition,2024,Coupés / sportives,"Photo d’un coupé ou d’une sportive correspondant à la marque, au modèle et à la génération ; face avant, profil, arrière et habitacle.",UNASSIGNED_NON_DESTRUCTIVE
60052,BMW,M4 Competition,2024,Coupés / sportives,"Photo d’un coupé ou d’une sportive correspondant à la marque, au modèle et à la génération ; face avant, profil, arrière et habitacle.",UNASSIGNED_NON_DESTRUCTIVE
60154,BMW,M4 Competition,2024,Coupés / sportives,"Photo d’un coupé ou d’une sportive correspondant à la marque, au modèle et à la génération ; face avant, profil, arrière et habitacle.",UNASSIGNED_NON_DESTRUCTIVE
60092,BMW,M850i,2022,Coupés / sportives,"Photo d’un coupé ou d’une sportive correspondant à la marque, au modèle et à la génération ; face avant, profil, arrière et habitacle.",UNASSIGNED_NON_DESTRUCTIVE
60132,BMW,RS5 Coupé,2020,Coupés / sportives,"Photo d’un coupé ou d’une sportive correspondant à la marque, au modèle et à la génération ; face avant, profil, arrière et habitacle.",UNASSIGNED_NON_DESTRUCTIVE
60033,BMW,RS5 Coupé,2023,Coupés / sportives,"Photo d’un coupé ou d’une sportive correspondant à la marque, au modèle et à la génération ; face avant, profil, arrière et habitacle.",UNASSIGNED_NON_DESTRUCTIVE
60072,BMW,RS5 Coupé,2023,Coupés / sportives,"Photo d’un coupé ou d’une sportive correspondant à la marque, au modèle et à la génération ; face avant, profil, arrière et habitacle.",UNASSIGNED_NON_DESTRUCTIVE
30008,Porsche,911 Carrera S,2021,Coupés / sportives,"Photo d’un coupé ou d’une sportive correspondant à la marque, au modèle et à la génération ; face avant, profil, arrière et habitacle.",UNASSIGNED_NON_DESTRUCTIVE
30012,Audi,Q4 e-tron,2024,Électriques / hybrides,"Photo d’un véhicule électrique/hybride de la même marque et du même modèle ; badge, silhouette, prise de charge et intérieur recommandés.",UNASSIGNED_NON_DESTRUCTIVE
60176,Audi,Taycan 4S,2018,Électriques / hybrides,"Photo d’un véhicule électrique/hybride de la même marque et du même modèle ; badge, silhouette, prise de charge et intérieur recommandés.",UNASSIGNED_NON_DESTRUCTIVE
60015,Audi,Taycan 4S,2019,Électriques / hybrides,"Photo d’un véhicule électrique/hybride de la même marque et du même modèle ; badge, silhouette, prise de charge et intérieur recommandés.",UNASSIGNED_NON_DESTRUCTIVE
60054,Audi,Taycan 4S,2019,Électriques / hybrides,"Photo d’un véhicule électrique/hybride de la même marque et du même modèle ; badge, silhouette, prise de charge et intérieur recommandés.",UNASSIGNED_NON_DESTRUCTIVE
60156,Audi,Taycan 4S,2019,Électriques / hybrides,"Photo d’un véhicule électrique/hybride de la même marque et du même modèle ; badge, silhouette, prise de charge et intérieur recommandés.",UNASSIGNED_NON_DESTRUCTIVE
60084,Audi,Taycan 4S,2021,Électriques / hybrides,"Photo d’un véhicule électrique/hybride de la même marque et du même modèle ; badge, silhouette, prise de charge et intérieur recommandés.",UNASSIGNED_NON_DESTRUCTIVE
60236,Audi,Taycan 4S,2022,Électriques / hybrides,"Photo d’un véhicule électrique/hybride de la même marque et du même modèle ; badge, silhouette, prise de charge et intérieur recommandés.",UNASSIGNED_NON_DESTRUCTIVE
60114,Audi,Taycan 4S,2023,Électriques / hybrides,"Photo d’un véhicule électrique/hybride de la même marque et du même modèle ; badge, silhouette, prise de charge et intérieur recommandés.",UNASSIGNED_NON_DESTRUCTIVE
60216,Audi,Taycan 4S,2023,Électriques / hybrides,"Photo d’un véhicule électrique/hybride de la même marque et du même modèle ; badge, silhouette, prise de charge et intérieur recommandés.",UNASSIGNED_NON_DESTRUCTIVE
60196,Audi,Taycan 4S,2024,Électriques / hybrides,"Photo d’un véhicule électrique/hybride de la même marque et du même modèle ; badge, silhouette, prise de charge et intérieur recommandés.",UNASSIGNED_NON_DESTRUCTIVE
60124,Audi,i4 M50,2019,Électriques / hybrides,"Photo d’un véhicule électrique/hybride de la même marque et du même modèle ; badge, silhouette, prise de charge et intérieur recommandés.",UNASSIGNED_NON_DESTRUCTIVE
60226,Audi,i4 M50,2019,Électriques / hybrides,"Photo d’un véhicule électrique/hybride de la même marque et du même modèle ; badge, silhouette, prise de charge et intérieur recommandés.",UNASSIGNED_NON_DESTRUCTIVE
60206,Audi,i4 M50,2020,Électriques / hybrides,"Photo d’un véhicule électrique/hybride de la même marque et du même modèle ; badge, silhouette, prise de charge et intérieur recommandés.",UNASSIGNED_NON_DESTRUCTIVE
60186,Audi,i4 M50,2021,Électriques / hybrides,"Photo d’un véhicule électrique/hybride de la même marque et du même modèle ; badge, silhouette, prise de charge et intérieur recommandés.",UNASSIGNED_NON_DESTRUCTIVE
60025,Audi,i4 M50,2022,Électriques / hybrides,"Photo d’un véhicule électrique/hybride de la même marque et du même modèle ; badge, silhouette, prise de charge et intérieur recommandés.",UNASSIGNED_NON_DESTRUCTIVE
60064,Audi,i4 M50,2022,Électriques / hybrides,"Photo d’un véhicule électrique/hybride de la même marque et du même modèle ; badge, silhouette, prise de charge et intérieur recommandés.",UNASSIGNED_NON_DESTRUCTIVE
60166,Audi,i4 M50,2022,Électriques / hybrides,"Photo d’un véhicule électrique/hybride de la même marque et du même modèle ; badge, silhouette, prise de charge et intérieur recommandés.",UNASSIGNED_NON_DESTRUCTIVE
60146,Audi,i4 M50,2023,Électriques / hybrides,"Photo d’un véhicule électrique/hybride de la même marque et du même modèle ; badge, silhouette, prise de charge et intérieur recommandés.",UNASSIGNED_NON_DESTRUCTIVE
60094,Audi,i4 M50,2024,Électriques / hybrides,"Photo d’un véhicule électrique/hybride de la même marque et du même modèle ; badge, silhouette, prise de charge et intérieur recommandés.",UNASSIGNED_NON_DESTRUCTIVE
60035,Audi,iX xDrive40,2018,Électriques / hybrides,"Photo d’un véhicule électrique/hybride de la même marque et du même modèle ; badge, silhouette, prise de charge et intérieur recommandés.",UNASSIGNED_NON_DESTRUCTIVE
60074,Audi,iX xDrive40,2018,Électriques / hybrides,"Photo d’un véhicule électrique/hybride de la même marque et du même modèle ; badge, silhouette, prise de charge et intérieur recommandés.",UNASSIGNED_NON_DESTRUCTIVE
60104,Audi,iX xDrive40,2020,Électriques / hybrides,"Photo d’un véhicule électrique/hybride de la même marque et du même modèle ; badge, silhouette, prise de charge et intérieur recommandés.",UNASSIGNED_NON_DESTRUCTIVE
60134,Audi,iX xDrive40,2022,Électriques / hybrides,"Photo d’un véhicule électrique/hybride de la même marque et du même modèle ; badge, silhouette, prise de charge et intérieur recommandés.",UNASSIGNED_NON_DESTRUCTIVE
60005,Audi,iX xDrive40,2023,Électriques / hybrides,"Photo d’un véhicule électrique/hybride de la même marque et du même modèle ; badge, silhouette, prise de charge et intérieur recommandés.",UNASSIGNED_NON_DESTRUCTIVE
60044,Audi,iX xDrive40,2023,Électriques / hybrides,"Photo d’un véhicule électrique/hybride de la même marque et du même modèle ; badge, silhouette, prise de charge et intérieur recommandés.",UNASSIGNED_NON_DESTRUCTIVE
30013,Volkswagen,ID.4,2023,Électriques / hybrides,"Photo d’un véhicule électrique/hybride de la même marque et du même modèle ; badge, silhouette, prise de charge et intérieur recommandés.",UNASSIGNED_NON_DESTRUCTIVE
180009,Volkswagen,ID.4,2023,Électriques / hybrides,"Photo d’un véhicule électrique/hybride de la même marque et du même modèle ; badge, silhouette, prise de charge et intérieur recommandés.",UNASSIGNED_NON_DESTRUCTIVE
60150,Mercedes-Benz,Crafter Transfer,2020,Minibus,"Photo d’un minibus/midibus correspondant à la marque et au modèle ; extérieur, portes, cabine et espace passagers.",UNASSIGNED_NON_DESTRUCTIVE
60180,Mercedes-Benz,Crafter Transfer,2022,Minibus,"Photo d’un minibus/midibus correspondant à la marque et au modèle ; extérieur, portes, cabine et espace passagers.",UNASSIGNED_NON_DESTRUCTIVE
60108,Mercedes-Benz,Crafter Transfer,2024,Minibus,"Photo d’un minibus/midibus correspondant à la marque et au modèle ; extérieur, portes, cabine et espace passagers.",UNASSIGNED_NON_DESTRUCTIVE
60210,Mercedes-Benz,Crafter Transfer,2024,Minibus,"Photo d’un minibus/midibus correspondant à la marque et au modèle ; extérieur, portes, cabine et espace passagers.",UNASSIGNED_NON_DESTRUCTIVE
30019,Mercedes-Benz,Sprinter Transfer 45,2022,Minibus,"Photo d’un minibus/midibus correspondant à la marque et au modèle ; extérieur, portes, cabine et espace passagers.",UNASSIGNED_NON_DESTRUCTIVE
60138,Mercedes-Benz,V-Class VIP,2019,Minibus,"Photo d’un minibus/midibus correspondant à la marque et au modèle ; extérieur, portes, cabine et espace passagers.",UNASSIGNED_NON_DESTRUCTIVE
60039,Mercedes-Benz,V-Class VIP,2022,Minibus,"Photo d’un minibus/midibus correspondant à la marque et au modèle ; extérieur, portes, cabine et espace passagers.",UNASSIGNED_NON_DESTRUCTIVE
60078,Mercedes-Benz,V-Class VIP,2022,Minibus,"Photo d’un minibus/midibus correspondant à la marque et au modèle ; extérieur, portes, cabine et espace passagers.",UNASSIGNED_NON_DESTRUCTIVE
30020,Volkswagen,Crafter Minibus,2024,Minibus,"Photo d’un minibus/midibus correspondant à la marque et au modèle ; extérieur, portes, cabine et espace passagers.",UNASSIGNED_NON_DESTRUCTIVE
60088,Volkswagen,Crafter Transfer,2018,Minibus,"Photo d’un minibus/midibus correspondant à la marque et au modèle ; extérieur, portes, cabine et espace passagers.",UNASSIGNED_NON_DESTRUCTIVE
60190,Volkswagen,Crafter Transfer,2018,Minibus,"Photo d’un minibus/midibus correspondant à la marque et au modèle ; extérieur, portes, cabine et espace passagers.",UNASSIGNED_NON_DESTRUCTIVE
60220,Volkswagen,Crafter Transfer,2020,Minibus,"Photo d’un minibus/midibus correspondant à la marque et au modèle ; extérieur, portes, cabine et espace passagers.",UNASSIGNED_NON_DESTRUCTIVE
60160,Volkswagen,Crafter Transfer,2023,Minibus,"Photo d’un minibus/midibus correspondant à la marque et au modèle ; extérieur, portes, cabine et espace passagers.",UNASSIGNED_NON_DESTRUCTIVE
60118,Volkswagen,V-Class VIP,2020,Minibus,"Photo d’un minibus/midibus correspondant à la marque et au modèle ; extérieur, portes, cabine et espace passagers.",UNASSIGNED_NON_DESTRUCTIVE
60019,Volkswagen,V-Class VIP,2023,Minibus,"Photo d’un minibus/midibus correspondant à la marque et au modèle ; extérieur, portes, cabine et espace passagers.",UNASSIGNED_NON_DESTRUCTIVE
60058,Volkswagen,V-Class VIP,2023,Minibus,"Photo d’un minibus/midibus correspondant à la marque et au modèle ; extérieur, portes, cabine et espace passagers.",UNASSIGNED_NON_DESTRUCTIVE
60233,Audi,GLE 350d,2019,SUV / crossovers,"Photo d’un SUV/crossover correspondant à la même marque, au même modèle et à la même génération ; face avant, profil et arrière recommandés.",UNASSIGNED_NON_DESTRUCTIVE
60111,Audi,GLE 350d,2020,SUV / crossovers,"Photo d’un SUV/crossover correspondant à la même marque, au même modèle et à la même génération ; face avant, profil et arrière recommandés.",UNASSIGNED_NON_DESTRUCTIVE
60213,Audi,GLE 350d,2020,SUV / crossovers,"Photo d’un SUV/crossover correspondant à la même marque, au même modèle et à la même génération ; face avant, profil et arrière recommandés.",UNASSIGNED_NON_DESTRUCTIVE
60193,Audi,GLE 350d,2021,SUV / crossovers,"Photo d’un SUV/crossover correspondant à la même marque, au même modèle et à la même génération ; face avant, profil et arrière recommandés.",UNASSIGNED_NON_DESTRUCTIVE
60032,Audi,GLE 350d,2022,SUV / crossovers,"Photo d’un SUV/crossover correspondant à la même marque, au même modèle et à la même génération ; face avant, profil et arrière recommandés.",UNASSIGNED_NON_DESTRUCTIVE
60071,Audi,GLE 350d,2022,SUV / crossovers,"Photo d’un SUV/crossover correspondant à la même marque, au même modèle et à la même génération ; face avant, profil et arrière recommandés.",UNASSIGNED_NON_DESTRUCTIVE
60173,Audi,GLE 350d,2022,SUV / crossovers,"Photo d’un SUV/crossover correspondant à la même marque, au même modèle et à la même génération ; face avant, profil et arrière recommandés.",UNASSIGNED_NON_DESTRUCTIVE
60153,Audi,GLE 350d,2023,SUV / crossovers,"Photo d’un SUV/crossover correspondant à la même marque, au même modèle et à la même génération ; face avant, profil et arrière recommandés.",UNASSIGNED_NON_DESTRUCTIVE
30007,Audi,Q7,2021,SUV / crossovers,"Photo d’un SUV/crossover correspondant à la même marque, au même modèle et à la même génération ; face avant, profil et arrière recommandés.",UNASSIGNED_NON_DESTRUCTIVE
60081,Audi,Q7 50 TDI,2018,SUV / crossovers,"Photo d’un SUV/crossover correspondant à la même marque, au même modèle et à la même génération ; face avant, profil et arrière recommandés.",UNASSIGNED_NON_DESTRUCTIVE
60183,Audi,Q7 50 TDI,2018,SUV / crossovers,"Photo d’un SUV/crossover correspondant à la même marque, au même modèle et à la même génération ; face avant, profil et arrière recommandés.",UNASSIGNED_NON_DESTRUCTIVE
60163,Audi,Q7 50 TDI,2019,SUV / crossovers,"Photo d’un SUV/crossover correspondant à la même marque, au même modèle et à la même génération ; face avant, profil et arrière recommandés.",UNASSIGNED_NON_DESTRUCTIVE
60002,Audi,Q7 50 TDI,2020,SUV / crossovers,"Photo d’un SUV/crossover correspondant à la même marque, au même modèle et à la même génération ; face avant, profil et arrière recommandés.",UNASSIGNED_NON_DESTRUCTIVE
60041,Audi,Q7 50 TDI,2020,SUV / crossovers,"Photo d’un SUV/crossover correspondant à la même marque, au même modèle et à la même génération ; face avant, profil et arrière recommandés.",UNASSIGNED_NON_DESTRUCTIVE
60143,Audi,Q7 50 TDI,2020,SUV / crossovers,"Photo d’un SUV/crossover correspondant à la même marque, au même modèle et à la même génération ; face avant, profil et arrière recommandés.",UNASSIGNED_NON_DESTRUCTIVE
60121,Audi,Q7 50 TDI,2023,SUV / crossovers,"Photo d’un SUV/crossover correspondant à la même marque, au même modèle et à la même génération ; face avant, profil et arrière recommandés.",UNASSIGNED_NON_DESTRUCTIVE
60223,Audi,Q7 50 TDI,2023,SUV / crossovers,"Photo d’un SUV/crossover correspondant à la même marque, au même modèle et à la même génération ; face avant, profil et arrière recommandés.",UNASSIGNED_NON_DESTRUCTIVE
60203,Audi,Q7 50 TDI,2024,SUV / crossovers,"Photo d’un SUV/crossover correspondant à la même marque, au même modèle et à la même génération ; face avant, profil et arrière recommandés.",UNASSIGNED_NON_DESTRUCTIVE
60131,Audi,Touareg V6,2019,SUV / crossovers,"Photo d’un SUV/crossover correspondant à la même marque, au même modèle et à la même génération ; face avant, profil et arrière recommandés.",UNASSIGNED_NON_DESTRUCTIVE
60091,Audi,Touareg V6,2021,SUV / crossovers,"Photo d’un SUV/crossover correspondant à la même marque, au même modèle et à la même génération ; face avant, profil et arrière recommandés.",UNASSIGNED_NON_DESTRUCTIVE
60012,Audi,Touareg V6,2023,SUV / crossovers,"Photo d’un SUV/crossover correspondant à la même marque, au même modèle et à la même génération ; face avant, profil et arrière recommandés.",UNASSIGNED_NON_DESTRUCTIVE
60051,Audi,Touareg V6,2023,SUV / crossovers,"Photo d’un SUV/crossover correspondant à la même marque, au même modèle et à la même génération ; face avant, profil et arrière recommandés.",UNASSIGNED_NON_DESTRUCTIVE
60022,Audi,X3 xDrive20d,2019,SUV / crossovers,"Photo d’un SUV/crossover correspondant à la même marque, au même modèle et à la même génération ; face avant, profil et arrière recommandés.",UNASSIGNED_NON_DESTRUCTIVE
60061,Audi,X3 xDrive20d,2019,SUV / crossovers,"Photo d’un SUV/crossover correspondant à la même marque, au même modèle et à la même génération ; face avant, profil et arrière recommandés.",UNASSIGNED_NON_DESTRUCTIVE
60141,Audi,X3 xDrive20d,2022,SUV / crossovers,"Photo d’un SUV/crossover correspondant à la même marque, au même modèle et à la même génération ; face avant, profil et arrière recommandés.",UNASSIGNED_NON_DESTRUCTIVE
60101,Audi,X3 xDrive20d,2024,SUV / crossovers,"Photo d’un SUV/crossover correspondant à la même marque, au même modèle et à la même génération ; face avant, profil et arrière recommandés.",UNASSIGNED_NON_DESTRUCTIVE
30005,BMW,X5,2023,SUV / crossovers,"Photo d’un SUV/crossover correspondant à la même marque, au même modèle et à la même génération ; face avant, profil et arrière recommandés.",UNASSIGNED_NON_DESTRUCTIVE
180010,Kia,Sportage,2025,SUV / crossovers,"Photo d’un SUV/crossover correspondant à la même marque, au même modèle et à la même génération ; face avant, profil et arrière recommandés.",UNASSIGNED_NON_DESTRUCTIVE
30006,Mercedes-Benz,GLE,2022,SUV / crossovers,"Photo d’un SUV/crossover correspondant à la même marque, au même modèle et à la même génération ; face avant, profil et arrière recommandés.",UNASSIGNED_NON_DESTRUCTIVE
180008,Volkswagen,T-Roc,2021,SUV / crossovers,"Photo d’un SUV/crossover correspondant à la même marque, au même modèle et à la même génération ; face avant, profil et arrière recommandés.",UNASSIGNED_NON_DESTRUCTIVE
180005,Volkswagen,T-Roc,2022,SUV / crossovers,"Photo d’un SUV/crossover correspondant à la même marque, au même modèle et à la même génération ; face avant, profil et arrière recommandés.",UNASSIGNED_NON_DESTRUCTIVE
180004,Volkswagen,T-Roc,2023,SUV / crossovers,"Photo d’un SUV/crossover correspondant à la même marque, au même modèle et à la même génération ; face avant, profil et arrière recommandés.",UNASSIGNED_NON_DESTRUCTIVE
180006,Volkswagen,T-Roc,2023,SUV / crossovers,"Photo d’un SUV/crossover correspondant à la même marque, au même modèle et à la même génération ; face avant, profil et arrière recommandés.",UNASSIGNED_NON_DESTRUCTIVE
180007,Volkswagen,T-Roc,2023,SUV / crossovers,"Photo d’un SUV/crossover correspondant à la même marque, au même modèle et à la même génération ; face avant, profil et arrière recommandés.",UNASSIGNED_NON_DESTRUCTIVE
180003,Volkswagen,T-Roc,2024,SUV / crossovers,"Photo d’un SUV/crossover correspondant à la même marque, au même modèle et à la même génération ; face avant, profil et arrière recommandés.",UNASSIGNED_NON_DESTRUCTIVE
180002,Volkswagen,T-Roc,2025,SUV / crossovers,"Photo d’un SUV/crossover correspondant à la même marque, au même modèle et à la même génération ; face avant, profil et arrière recommandés.",UNASSIGNED_NON_DESTRUCTIVE
120002,Volkswagen,Tiguan,2022,SUV / crossovers,"Photo d’un SUV/crossover correspondant à la même marque, au même modèle et à la même génération ; face avant, profil et arrière recommandés.",UNASSIGNED_NON_DESTRUCTIVE
120001,Volkswagen,Tiguan,2023,SUV / crossovers,"Photo d’un SUV/crossover correspondant à la même marque, au même modèle et à la même génération ; face avant, profil et arrière recommandés.",UNASSIGNED_NON_DESTRUCTIVE
120004,Volkswagen,Tiguan,2023,SUV / crossovers,"Photo d’un SUV/crossover correspondant à la même marque, au même modèle et à la même génération ; face avant, profil et arrière recommandés.",UNASSIGNED_NON_DESTRUCTIVE
120003,Volkswagen,Tiguan,2024,SUV / crossovers,"Photo d’un SUV/crossover correspondant à la même marque, au même modèle et à la même génération ; face avant, profil et arrière recommandés.",UNASSIGNED_NON_DESTRUCTIVE
60056,MAN,TGX 18.510,2021,Camions / poids lourds,"Photo d’un camion/poids lourd correspondant exactement à la marque et au modèle ; cabine, châssis, carrosserie ou semi-remorque selon l’annonce.",UNASSIGNED_NON_DESTRUCTIVE
60136,MAN,TGX 18.510,2024,Camions / poids lourds,"Photo d’un camion/poids lourd correspondant exactement à la marque et au modèle ; cabine, châssis, carrosserie ou semi-remorque selon l’annonce.",UNASSIGNED_NON_DESTRUCTIVE
240024,Mercedes-Benz,Actros 1853 L,2023,Camions / poids lourds,"Photo d’un camion/poids lourd correspondant exactement à la marque et au modèle ; cabine, châssis, carrosserie ou semi-remorque selon l’annonce.",UNASSIGNED_NON_DESTRUCTIVE
30015,Mercedes-Benz,Atego 1224,2020,Camions / poids lourds,"Photo d’un camion/poids lourd correspondant exactement à la marque et au modèle ; cabine, châssis, carrosserie ou semi-remorque selon l’annonce.",UNASSIGNED_NON_DESTRUCTIVE
240025,Renault,T High Turbo Compound,2023,Camions / poids lourds,"Photo d’un camion/poids lourd correspondant exactement à la marque et au modèle ; cabine, châssis, carrosserie ou semi-remorque selon l’annonce.",UNASSIGNED_NON_DESTRUCTIVE
240027,Renault,T480 Sleeper,2023,Camions / poids lourds,"Photo d’un camion/poids lourd correspondant exactement à la marque et au modèle ; cabine, châssis, carrosserie ou semi-remorque selon l’annonce.",UNASSIGNED_NON_DESTRUCTIVE
240023,Scania,R770 V8,2023,Camions / poids lourds,"Photo d’un camion/poids lourd correspondant exactement à la marque et au modèle ; cabine, châssis, carrosserie ou semi-remorque selon l’annonce.",UNASSIGNED_NON_DESTRUCTIVE
240022,Scania,S660 Highline,2023,Camions / poids lourds,"Photo d’un camion/poids lourd correspondant exactement à la marque et au modèle ; cabine, châssis, carrosserie ou semi-remorque selon l’annonce.",UNASSIGNED_NON_DESTRUCTIVE
60228,Volvo,Actros 1845 LS,2021,Camions / poids lourds,"Photo d’un camion/poids lourd correspondant exactement à la marque et au modèle ; cabine, châssis, carrosserie ou semi-remorque selon l’annonce.",UNASSIGNED_NON_DESTRUCTIVE
60168,Volvo,Actros 1845 LS,2024,Camions / poids lourds,"Photo d’un camion/poids lourd correspondant exactement à la marque et au modèle ; cabine, châssis, carrosserie ou semi-remorque selon l’annonce.",UNASSIGNED_NON_DESTRUCTIVE
60007,Volvo,Antos 1832,2018,Camions / poids lourds,"Photo d’un camion/poids lourd correspondant exactement à la marque et au modèle ; cabine, châssis, carrosserie ou semi-remorque selon l’annonce.",UNASSIGNED_NON_DESTRUCTIVE
60046,Volvo,Antos 1832,2018,Camions / poids lourds,"Photo d’un camion/poids lourd correspondant exactement à la marque et au modèle ; cabine, châssis, carrosserie ou semi-remorque selon l’annonce.",UNASSIGNED_NON_DESTRUCTIVE
60126,Volvo,Antos 1832,2021,Camions / poids lourds,"Photo d’un camion/poids lourd correspondant exactement à la marque et au modèle ; cabine, châssis, carrosserie ou semi-remorque selon l’annonce.",UNASSIGNED_NON_DESTRUCTIVE
60106,Volvo,Antos 1832,2022,Camions / poids lourds,"Photo d’un camion/poids lourd correspondant exactement à la marque et au modèle ; cabine, châssis, carrosserie ou semi-remorque selon l’annonce.",UNASSIGNED_NON_DESTRUCTIVE
60086,Volvo,Antos 1832,2023,Camions / poids lourds,"Photo d’un camion/poids lourd correspondant exactement à la marque et au modèle ; cabine, châssis, carrosserie ou semi-remorque selon l’annonce.",UNASSIGNED_NON_DESTRUCTIVE
60027,Volvo,Antos 1832,2024,Camions / poids lourds,"Photo d’un camion/poids lourd correspondant exactement à la marque et au modèle ; cabine, châssis, carrosserie ou semi-remorque selon l’annonce.",UNASSIGNED_NON_DESTRUCTIVE
60066,Volvo,Antos 1832,2024,Camions / poids lourds,"Photo d’un camion/poids lourd correspondant exactement à la marque et au modèle ; cabine, châssis, carrosserie ou semi-remorque selon l’annonce.",UNASSIGNED_NON_DESTRUCTIVE
60188,Volvo,Arocs 3342,2023,Camions / poids lourds,"Photo d’un camion/poids lourd correspondant exactement à la marque et au modèle ; cabine, châssis, carrosserie ou semi-remorque selon l’annonce.",UNASSIGNED_NON_DESTRUCTIVE
240026,Volvo,FH Globetrotter,2023,Camions / poids lourds,"Photo d’un camion/poids lourd correspondant exactement à la marque et au modèle ; cabine, châssis, carrosserie ou semi-remorque selon l’annonce.",UNASSIGNED_NON_DESTRUCTIVE
240020,Volvo,FH16 750,2023,Camions / poids lourds,"Photo d’un camion/poids lourd correspondant exactement à la marque et au modèle ; cabine, châssis, carrosserie ou semi-remorque selon l’annonce.",UNASSIGNED_NON_DESTRUCTIVE
240028,Volvo,FH16 Aero,2023,Camions / poids lourds,"Photo d’un camion/poids lourd correspondant exactement à la marque et au modèle ; cabine, châssis, carrosserie ou semi-remorque selon l’annonce.",UNASSIGNED_NON_DESTRUCTIVE
240021,Volvo,FMX 540 Dumper,2023,Camions / poids lourds,"Photo d’un camion/poids lourd correspondant exactement à la marque et au modèle ; cabine, châssis, carrosserie ou semi-remorque selon l’annonce.",UNASSIGNED_NON_DESTRUCTIVE
60148,Volvo,TGX 18.510,2018,Camions / poids lourds,"Photo d’un camion/poids lourd correspondant exactement à la marque et au modèle ; cabine, châssis, carrosserie ou semi-remorque selon l’annonce.",UNASSIGNED_NON_DESTRUCTIVE
60208,Volvo,TGX 18.510,2022,Camions / poids lourds,"Photo d’un camion/poids lourd correspondant exactement à la marque et au modèle ; cabine, châssis, carrosserie ou semi-remorque selon l’annonce.",UNASSIGNED_NON_DESTRUCTIVE
60155,MAN,TGE 3.140,2018,Fourgonnettes / utilitaires,"Photo d’une fourgonnette ou d’un utilitaire correspondant exactement à la marque et au modèle ; cabine, carrosserie et arrière recommandés.",UNASSIGNED_NON_DESTRUCTIVE
60185,MAN,TGE 3.140,2020,Fourgonnettes / utilitaires,"Photo d’une fourgonnette ou d’un utilitaire correspondant exactement à la marque et au modèle ; cabine, carrosserie et arrière recommandés.",UNASSIGNED_NON_DESTRUCTIVE
60215,MAN,TGE 3.140,2022,Fourgonnettes / utilitaires,"Photo d’une fourgonnette ou d’un utilitaire correspondant exactement à la marque et au modèle ; cabine, carrosserie et arrière recommandés.",UNASSIGNED_NON_DESTRUCTIVE
60014,MAN,Transporter T6.1,2018,Fourgonnettes / utilitaires,"Photo d’une fourgonnette ou d’un utilitaire correspondant exactement à la marque et au modèle ; cabine, carrosserie et arrière recommandés.",UNASSIGNED_NON_DESTRUCTIVE
60053,MAN,Transporter T6.1,2018,Fourgonnettes / utilitaires,"Photo d’une fourgonnette ou d’un utilitaire correspondant exactement à la marque et au modèle ; cabine, carrosserie et arrière recommandés.",UNASSIGNED_NON_DESTRUCTIVE
60083,MAN,Transporter T6.1,2020,Fourgonnettes / utilitaires,"Photo d’une fourgonnette ou d’un utilitaire correspondant exactement à la marque et au modèle ; cabine, carrosserie et arrière recommandés.",UNASSIGNED_NON_DESTRUCTIVE
60113,MAN,Transporter T6.1,2022,Fourgonnettes / utilitaires,"Photo d’une fourgonnette ou d’un utilitaire correspondant exactement à la marque et au modèle ; cabine, carrosserie et arrière recommandés.",UNASSIGNED_NON_DESTRUCTIVE
60225,Mercedes-Benz,Sprinter 316 CDI,2018,Fourgonnettes / utilitaires,"Photo d’une fourgonnette ou d’un utilitaire correspondant exactement à la marque et au modèle ; cabine, carrosserie et arrière recommandés.",UNASSIGNED_NON_DESTRUCTIVE
60165,Mercedes-Benz,Sprinter 316 CDI,2021,Fourgonnettes / utilitaires,"Photo d’une fourgonnette ou d’un utilitaire correspondant exactement à la marque et au modèle ; cabine, carrosserie et arrière recommandés.",UNASSIGNED_NON_DESTRUCTIVE
60195,Mercedes-Benz,Sprinter 316 CDI,2023,Fourgonnettes / utilitaires,"Photo d’une fourgonnette ou d’un utilitaire correspondant exactement à la marque et au modèle ; cabine, carrosserie et arrière recommandés.",UNASSIGNED_NON_DESTRUCTIVE
30011,Mercedes-Benz,Sprinter 319,2022,Fourgonnettes / utilitaires,"Photo d’une fourgonnette ou d’un utilitaire correspondant exactement à la marque et au modèle ; cabine, carrosserie et arrière recommandés.",UNASSIGNED_NON_DESTRUCTIVE
60123,Mercedes-Benz,Transporter T6.1,2018,Fourgonnettes / utilitaires,"Photo d’une fourgonnette ou d’un utilitaire correspondant exactement à la marque et au modèle ; cabine, carrosserie et arrière recommandés.",UNASSIGNED_NON_DESTRUCTIVE
60024,Mercedes-Benz,Transporter T6.1,2021,Fourgonnettes / utilitaires,"Photo d’une fourgonnette ou d’un utilitaire correspondant exactement à la marque et au modèle ; cabine, carrosserie et arrière recommandés.",UNASSIGNED_NON_DESTRUCTIVE
60063,Mercedes-Benz,Transporter T6.1,2021,Fourgonnettes / utilitaires,"Photo d’une fourgonnette ou d’un utilitaire correspondant exactement à la marque et au modèle ; cabine, carrosserie et arrière recommandés.",UNASSIGNED_NON_DESTRUCTIVE
60093,Mercedes-Benz,Transporter T6.1,2023,Fourgonnettes / utilitaires,"Photo d’une fourgonnette ou d’un utilitaire correspondant exactement à la marque et au modèle ; cabine, carrosserie et arrière recommandés.",UNASSIGNED_NON_DESTRUCTIVE
60205,Volkswagen,Crafter 35,2019,Fourgonnettes / utilitaires,"Photo d’une fourgonnette ou d’un utilitaire correspondant exactement à la marque et au modèle ; cabine, carrosserie et arrière recommandés.",UNASSIGNED_NON_DESTRUCTIVE
60235,Volkswagen,Crafter 35,2021,Fourgonnettes / utilitaires,"Photo d’une fourgonnette ou d’un utilitaire correspondant exactement à la marque et au modèle ; cabine, carrosserie et arrière recommandés.",UNASSIGNED_NON_DESTRUCTIVE
60145,Volkswagen,Crafter 35,2022,Fourgonnettes / utilitaires,"Photo d’une fourgonnette ou d’un utilitaire correspondant exactement à la marque et au modèle ; cabine, carrosserie et arrière recommandés.",UNASSIGNED_NON_DESTRUCTIVE
60175,Volkswagen,Crafter 35,2024,Fourgonnettes / utilitaires,"Photo d’une fourgonnette ou d’un utilitaire correspondant exactement à la marque et au modèle ; cabine, carrosserie et arrière recommandés.",UNASSIGNED_NON_DESTRUCTIVE
60103,Volkswagen,Transporter T6.1,2019,Fourgonnettes / utilitaires,"Photo d’une fourgonnette ou d’un utilitaire correspondant exactement à la marque et au modèle ; cabine, carrosserie et arrière recommandés.",UNASSIGNED_NON_DESTRUCTIVE
30010,Volkswagen,Transporter T6.1,2021,Fourgonnettes / utilitaires,"Photo d’une fourgonnette ou d’un utilitaire correspondant exactement à la marque et au modèle ; cabine, carrosserie et arrière recommandés.",UNASSIGNED_NON_DESTRUCTIVE
60133,Volkswagen,Transporter T6.1,2021,Fourgonnettes / utilitaires,"Photo d’une fourgonnette ou d’un utilitaire correspondant exactement à la marque et au modèle ; cabine, carrosserie et arrière recommandés.",UNASSIGNED_NON_DESTRUCTIVE
60004,Volkswagen,Transporter T6.1,2022,Fourgonnettes / utilitaires,"Photo d’une fourgonnette ou d’un utilitaire correspondant exactement à la marque et au modèle ; cabine, carrosserie et arrière recommandés.",UNASSIGNED_NON_DESTRUCTIVE
60043,Volkswagen,Transporter T6.1,2022,Fourgonnettes / utilitaires,"Photo d’une fourgonnette ou d’un utilitaire correspondant exactement à la marque et au modèle ; cabine, carrosserie et arrière recommandés.",UNASSIGNED_NON_DESTRUCTIVE
60034,Volkswagen,Transporter T6.1,2024,Fourgonnettes / utilitaires,"Photo d’une fourgonnette ou d’un utilitaire correspondant exactement à la marque et au modèle ; cabine, carrosserie et arrière recommandés.",UNASSIGNED_NON_DESTRUCTIVE
60073,Volkswagen,Transporter T6.1,2024,Fourgonnettes / utilitaires,"Photo d’une fourgonnette ou d’un utilitaire correspondant exactement à la marque et au modèle ; cabine, carrosserie et arrière recommandés.",UNASSIGNED_NON_DESTRUCTIVE
